id,seq,recovery
0,MKARITEMVSREKANEIEVYIYIFPKRMDELNFLGVYHVRRAWQRANDLPLAYDQSTIMSFTPVKFLCGYTPQTIKRRHINITSPTERALLERLIKNSLIFTATKNLHCEEIGKSLRLDQVEQIRQIIVKEAIMLFVNVVRNKISIGFHLTHQLEFTYTLQDMVENGKTIRPGMRVIHSDGRHKYTYTVNKVANYGVSDRCPLLQTSIYQYWSVKGAQEILRTLTRATRVIYVRTKEERFTYAATLLKPLATWETMKPEDVNNTSKAIKLSASERMESLYKWLQQLRAEYRYLTYAPNPFTIAEAGYKKNELSMPKVFFHRDFATVVAALKSGKVYKGGNIRISILYDEDFYNKYEISEKDVFQYISVLQKIAESMGVNMTISSATISFDGKFTTNFFHHYDQEIQALQPIFAQTTVIAFITATHVTNEYTRAFNRLKQFFGGKWDISSQVITEKEIQAFRKILFKHGLKDFRPDDEEQCQKVVDVLKNESLFYTIYNILLGIYVKSGIQPWILADSLNSDCYIGLDVAHNNGNSASGMLNVIGSKGHMLKQLPLNGILAGEKINNTLMAELLKDVIKAYFTQFQRFPKHVTIHRDGYWREQVALIEKIMAKFQVTYDIIEIIKKPNKRMAYYNSVNNTWSTRQGVIYQRGNDAYLCSTDPLEKVGMAQPIKIHQDTKCLPFDDIIQDVYNLSFLHIHAMNKCRLPATIHYADKSSTAYQRGQVMPRSGNKTNLPF,0.70923912525177
1,MISRITEAVSRERADELEVYKYVFPMRNSNIVFENIFLIKCAWQKANDLPLADMEHTIIAFSPIKHHCGYTPMEYERRHIDITSPFDRALLQRLIKNSLVYTAERHLHMERIGDQLMLQRVKQIYRIIIHKAIRLWVNIIKNKISIGFHLTHQLEYTYTLHDMVEQGKTVRPGMRVVDTNGQFHYTYTVENVGDYGVTDRCPLLQVSIYQFYVEKGAEHILRTFTRATRVILVRTKEQRLSYAATLLKPLCTYETMKPEDILLVSKCVKLSASKKMKNLYRHLQHVRAQFRYLDFAPEPFTIAMAGYKLDNLATPKVHFDRNFATVVSGMKTGKLYKGGDVKVSLIFDEDFYQRHHITDRDLYNFIAILKWIAETQGINLTISTSTKALAGYFTVDYYEHFTQEIKALEPIFAKNTVLVFITATFLSNEKLRAYQIVKQYYGGKFDISSQVVTSKTIQAFKKILKKHGLKNYYPYNEEQVHKVIDVLKNDSFYYTVMNILLGCYVKSGIQPWILANTLHSDCGVGIDVSHENGDSAAGLMHVVGSQGALIEQSPLSGIISGEKIDDTLFANLLKNMIKAYHTQYHQYPKHVTIHRDGFWREHVSLIEKIMAHYEITYDCVEVIKKPNRRMAFFNSTTNSWSTKQGTVYQKGDEAYVISVNPQQKVGMAQPIKVEQVTETKPYSEVIQDVYDLSFLHIHAMNLMRLPATVHYADKSATAYQRGEIMPRSGNKTNLPF,0.720108687877655
2,MQAYITETVSRERANELQVYIYVFPRYEDDDDHQGIYEVMEAWQKANDLPLAFNQHTIIAFSPIKHLCGYTPKQIQKRHIDITSPYERALMERLVKNSLIYCAERHLNARRIGHDLKLNKIQQIKQIVVYKAIELHVNIIHDKICIGYYLTHQFQYIYTLLDMVQQGKTIRPGLRVVHSNGWNHYTYTVEHVATYGVTDKCPLLETSIYQYYVEKGAEHILRLFTRATRIVHVRTKKQKHSYAASLLKPLATFDSMKPDEVLNISKCIKLSASERMNSTFRTLCLIRAHYRFLTFAPNPFVIAQNGYKLEVFSTPKVHFERDHATIVAAMKSGKLFKGGNIRISVVFDMDLKLKKQITQRDIYQFIAVLQKISKALGVNMTIGTVSKSIDGKFTVDFYHHFTEDVKALEPIYAETTVLAFITAEHLSNKKTRAFHILKEYYGGNWDIASQIVTTKIVLSFKKIAHKHALKNFYPNTEEQCLKVIDILKNESFFFTIMDILLGIYVKSGIQPWVLAEQLNSDCFVGIDISHETGNSAGGMCNVIGSQGHLIKQAPLNGDLAGEKIDDTLLANFLRELIKAYKDKFNRYPKHITIHRDGYWREHIALIEKVMAKYHITYDIVEIIKKPNRRMAFYNSTTNSFSTRAGTIFQKGNEAYLCSTDPQEKIGMAQPVKIEQVTQTLPFSEIIEDVYDLSFLEIHAMNKMRLPATIHYADLSATAYQKGEILPRSGNKTNFPW,0.720108687877655
3,MEAYVTEITARELADQIQVYILVFPKKQSVNDYEGVYMVMKAWQRANAKPLANNQNTIIAFTPIRHLCGYTPMEVNKRHINIDSPYDRALLERLIKNSLIFTAKRHLHCQKIGHDLKLNEVIQIRRIIIYRAIEIYVHIIENKISIGFHLTHSFQYTFTLQDLIERGKTVRPGMRVIHSNGQDEYTYTVDHVATYGIDDRCPLLETSIYQYYEEKGAEHILRTFTRATRIVIVKTKEQRFCYASTLLKPLCTMQTLKPCQVKEVSKAIKLSASERMKNRFKLLQHLRSKYRFLTFAPNPFTIKQNSYRLDQLSTPKVFFDRDFATIVAGMKNGRLYRGGDVKISILFDEDFFEKHQITRKDVYQFIAVLRRLAVAQGVNLTISDASESVDGHFTSEFFFHFDEEIQALEPIFSQTTVVAFITTDHLSNEETRSYNTLKQFFGGKWDIASQIVTEKTIQAFMKILEKHGLKNIKPEDQQQVQKVINVLKNQSYYYTVMNILLGVYVKAGIEPWKLADDTHSDCFIGIDISHENGNDAAGMLNIIGSQGHLIKQAPLSGLLSGEKIDDDLLANFLKNIIYSYQDKFDQFPKHITIHRDGFWRENIAIVERIMSKYEITYDVVEVVKKPLRRMAYYDSVDNTYETKQGVVYERGNEAYLCSTNPEKEVGMAQPVKVQQVTKTLPFGQIIKDVFDLSFLHVHSLNKMRLPATIHYADLSSTAYQRGEINPRSANLTNLPF,0.7051630616188049
4,MEAFVSEVVSRERADELNVYIYVFPRKESDNDYLGVYHVMNALQKANSSALAFVTHTIMSFTPIKHLVGYVPEEVEKRHINITSPFERALLERLIKNSLIYTAMRHLHSHRVGKALRLQQTQKIRRIIVYKAIRIHVNVVKNKIVVGFRLTHCFEYTFTLQSMILQGKTVRPGMRVILSEAYNEYSWTVEEVATYGVVDRCPLLKQSVYQYYVDKGAHHILRTFTRSTRVVHVRSKEQRLSYAATLLKPLATFETMYPQDVLDVSKAIKLSASKRMKQLKRHLQKLRAQFRYITFAPDPFSYAEQGFKLDTLSEPKVHFDRDFATVTAGMKTGKLWKGGNIKVSFLDDDDFYQKHEITEHTVFQFIALLQRVAVALGVNMTVASVTKSILGKFTSDFFQHFNEEILALKPIFAQTTVLAFITPEHESDQKDRAYQRLKCYYGGKWDIASQIITDKTILAFKKILKKHGLKNFRPKDERHCQKIIDVLKNMSFYYTMMNVLLGIYVKSGIQPWILAEEANSDCFVGIDVSHEDGDSSAGMMHVIGSRGHLIKQAPVNGILAGEKIDDTLLAEMMKNLIRAYQTKFKRFPEHITVHRDGFWREKVVLIEKIMAKYQIDYDIVEVIKKPDRRMAYYNSTDDTYSTRQGTVFRKGDEAYLCSTNPDKKVGMAQPVKLHQVTKTLPFSEIVEDVYKMSYLNVHALNKMRLPATIQYADLSSTAFQKGQVLPRSGNQTNLPF,0.707880437374115
5,MKAYITEVVSRERANQLEVYEYVFPKRQTNIPFEGIYLVMWAWQRANSKPLADDENTIVSFAPVRELCGWTPEQVQKRHIDVNSPFDKALLERLIKNSLIYTATRHLDCQRVGHSLELNQIQQIKEVIIYNAIRLFVQIVQDRVEIGFHGTHQFDFTWTLQDLIEQGEEIRPGMRVVHSNGRNERSWTLEDVATYGVTDRCPLLQTSIYQYYVDKGAQHILRTFTRATRVVIVRTRKQKMSYSATTLKPECTFETMKPDDVKNVSRCIKLSASKRANNLRRILQHLRAQYRYLSFAPNPFTISQMGYRLDLLSHPKVHFDRNFSTIMSAMKTGKVYKGGNIKLSLIFDEDWFDKFQITLKDVYSYIAVLQRISVSQGVNMTISTSYLALAGKITDDFYTNFDNQIDAMEPVFAKTTVLAIITDTHLSDKKTRSYQTVKEIFGGKWDIASQVVTDKVIEAFEKILLRHGLKNYKPEDHEEVEKVLDVLKNSSFFYTVQNILLGIYVKSGIEPWILAETTHSDCFIGIDVSHEDGDSSAGMTNVIGCQGHLIQQSPLHGNLAGEKIDNTLLANLLENIIKAYQTQYKEYPKHITIHRDGKWREQTVLVEKIMAKYHITYDLVEIVKKPQRRMAFYNSTNDSFSTKQGTIYRKGNTAYLCATNPQEKIGMAQPIRIHVVTETLPFDEIIEDVYNLSFLHVHALNKMRLPVTIHYAHLSTTAFQRGEIHPRTGHETNLPF,0.6915761232376099
6,MQAYITETVSRQRADEIEVYLFTFPRRQTDLNYQGTEQVKKAWQRANSLALAYNDHTIIAFSPIKHLCGYTPQQIEKRRINITSPFDRALLERLIKNSIIYTAERHLQAERVGDELRLEKILQIKHILIYKAVEIKVNIIENRICIGFHLNHQFAFTYTLQDMIENGHTIRPGMRVIHSNGWDRYTYSLENVADYGTTDRCPLLQTSIYEYYQDKGAQWILRSFTRATKVVLTRTKEERLTYAATLLKPLCTFDTLKPQDVDDVNKEIKLSASQRMKNLFRYIDQLRSEYRHLDFSPNPFTISQLGYRINDLSTPKVFFDRDFATITAGANSGKLYRGGNVRASIVFHEDYKTKHQISRRDVYQYVAVLERIAVAQGVNYTISDVTKSTDGKFTTNFFKHFTQEIEALYPLYAEHTVLAIIGSDHFSNKQTRSRERIKQYFGGHYDISSQVITERTIQAFKKVLEKHGLKDFRPNDHEENKKIITVLKNESFYYIVMNILLGIYVKAGIEPWVLAEDTHSDCFIGIDINHEDGISSSGLTNVIGSQGQLIKQAPLNGNLAGEKIDETLLANLLQNLIKAYHDQFQRFPKHITIHRDGFWREQVALIQKICAHFKITYDIVEIIKKPNLRAAFYDSVDDTYCTRQGTVYKRGNSAFLCATNPLEKVGMALPIKIHQVTKTLPLSEVVEDIYNLSFLHIHALNKMRLPATTHYADQSSTAYSRGQIKPRTGNRTNLPY,0.6875
7,MEAYITETTARERADQIEIYIYVFPRKNANEFFQGVHQIMDAYTKANALPLAFDNQTIIAMSPVRKRVGYTPEKVDRRHINMTSPYDRALLQKLIKNSLIFTAERHLEAQRVGKDLQKDKTKQIKQIMIYRAVRVHVNIIRNKICIGFNLTHQFEYTYTLLDMIEEGKTIRPGLRVVHSFGYMYYTYSVECVATYGVTDKCPLLQTSIYQYWVDKGAEHILRNFTRSTRVVIVRTKEQRLSYASTLLKPTCTFDTLKPNEIINVSKAIKLSASQRMKNLYRWLQQLRSQYKHLDFAPEPFTIAFNGYRLDQLSEPKVFFDRDYATILAGMKTGKLYKGGNIRVSYLFDEDFWTKHHITEEDIFCFIAILQRLAVSQGINMTVSTSIKSISGRFTSDFYHNFTHEIEALQPIFAKTTVLAFITDDFLTNEQTRSYQSIKQIFGGKYDIASQVITDKTILSFMFIKKKHGLKNFYPDDQQQMHRVIDTLKNQSFYYTVMNIFLGIYVKSGIQPWILAESANSDCYIGIDVSHHNGDSAAGMMNVIGTQGVLIKQAPLAGDIAGEKIDDTLFANLLKNVIKAYHTQFNRFPKHVTIHRDGFWREQTALIQKIMAFYKISYDIVEIIKKPDRRMAYHDTTVNTYATKQGTVYQRGDSAYLCSTNPLQKVGMAQPIKIHQVTKTLPIDQIIQDIYKASFLHIHAMNQMRLPATVHYADKSSTAFQRGQVNPRTGHQTSLPF,0.707880437374115
8,MEAYVTEAVSYEEANEIQIWVYVFPKKQSNLDYKGIYEIMKAWQRANANALAYNQHTIMSFSPIKHTCGYVPEEWEKRHINITSPYERTLLEKIIKNSIIYVAERFLQAEQIGHDLKQNQSQQIKQVIIHNAVMIYVNIIENRIVIGFNLTHQFRFTFTLQDMIEQGKTIRPGMRVVHSSGFTHYTYTVEKVADYGVEDRCPLLQVSIYQYFIEQGAQFILRTFTRSTRVIHVRTKQQKQCYAATLLKPLCTFQTLEPNEVLDVSKCIKLSASKRMETTYKELQQLKAQFRQIDFAPDPFTIAQMGYKLEELATPKVHFDRDYATVVAGAKTGKLYKGGTIKISIVFDEDFKNKHDITEKDVHQFIAILQKISKSQGVNMTVSTATKSYTGYFTTEFYHHFDKEVEALHPVFAETTVQAIITNTSLSDQKDRSYQNLKQLFGGKYDISSQVITEKTFESFQKILEKHGLKNLRPEDEEECLRVIEILKNQSFFYCVCNILLGIYVKSGIQPWVLADSMHSDCFIGIDVSHEDGDSVVGMTNVIGSQGHLLRQAPLNGDLAGDIVNDTLMANFLKNLIKAYQSHFDRYPKHITIHRDGFWREDVVLIKKIMAQHEITYDIVEVIKKPNRRMAFYNSVTNTFSTKQGTVYQRGNSALVCSTDPEEKVGMAIPIKVEQITKTLPFDHIIKDVYNLSFLHVHSLNKSRLPATIEFADLSSTAFSRGEILPRSGNQTNLPF,0.7160326242446899
9,MEGYVTEAVARELANELQIFVYVYPRFESVELYEGIYFIMRAWQRADSLPLAYNEHTICAFTPIRHLCGYVPMEVERRHINMNSPFERAILQRLIHNSIVFTAQKYLHAEQVGHSLRLDEIQQIKRIIVHKAIQLHVNIIENKICIGFHLTHSFQYTYTLQDEVEEGKEIRPGMRVVHSFGFTEYVYVVDNVATYGVSDRCPLLQTSLYQYYVEKGSEYVLRSFSRATRVIIVRTREKRLSYAATLLKPECTFQTMKPQDVLSASRAIKLSASKRMKNLYRFLQQIKAHYRKLTFAPNPFTIAQNGYKLDQMATPKIHFHRDFATVVSGLKTGKLYKGGNVEISIIYHNDYYNKYHITQKTIYCFIALLQKLSVSQGVVLTVSTATKAYDGFFTVEFYHHITEEIEALEPIYAETTVLAVITSTHISDEQTRSYQKIKQYFGGRWDIAQQVITEKTIEAFEKILEKHGLKDIRPLDNEECIKVIDILRNESFFYVVLNILLGVYVKSGIQPWILAESTHSDCYIGIDISHENGNSVSGMANVVGSQGSLIKTAPISGIIAGEKIDSVLLSDLLKKLIKAYHDKYDRFPKHVTIHRDGKWREQVALIDKIMAKYQITFDIVEVIKKPNFRMAYYNSVTDCFSTKQGTVFQRGNSAFLVSTDPKEKVGMANPIKIQLVTKTSPFSHIIEDAYNLSFLHVHAMNKMRLPATIHYADLSSNAYQRGQVKARSGNITNLPF,0.7024456858634949
10,MEAYITEVVSRQRANELHIYMYVFPRKQDNNDYEGVYHIMKAWQRANSQPLAFSKHTIVAFTPIRQMCGYTPMRVQKRHININSPFERALLERLIKNSLIFCAERNLHAEKVGKALWLEEHQQIKRVVVYRSIEIYVNIIKNRISVGFFLTHQFQYTFTLQDMVEQGKVIRPGMRVVHSSGYEQYVYTVDKVADYGVTDRCPELQTSVYQYWSNKGEQHILRTFTRATRIVLVRTKQQRNTFAASLLKPLCTFETMKPEEIQNVSKTIKLSASQRMNLLYKTLQELKAQFRFLTFPSHPFTISELGYKLDLLATPKVHFDKDYATVVTGLKTGKLYYGGNVKVSIIKDQDFYNRHQITDEDIYQYIAVLQRIANSQGVTLTVSTSTKSVIGYFTSDFFNNITEQVQALEPVFAKTTVLAFIPSTHISNEQTRAFERLKQYFGGKWDIASQVITERTIEAYKKMLEKHGLKDFRPQDEEECHRVIDVLKDESLYYDIMNILLGCYVKSGIEPWVLAETMNSDCFIGLDVALDNGNSAAGMMHVIGTQGHLIKQAPLNGIIAGEKIDDTLLADLLQEMIKAFHTQFQRLPKHITIHRDGFSREQTALVQKVCSEFHITFDIVEVIKKPNRRMAYFNSNTNCYSTRQGTVYKRGNEAYLCATNPQEKVGMAQPIRIQQVTKTLPFSEIIEDVFDLSFLNIHALDKMRLPATVKYADLSATAYQRGQVMPRSGNRTNLPF,0.72826087474823
11,MEAYVTETTARERADEQQVYIFVFPYYESDDTHEAVFEVKKAWQRANSQALAYNNQTVMAFVPVKHLVGYVPEEVEKRHINITSSYERALLERLIKNSLIYTATRHLHAERVGKDLKCEQVQQIYQVIIYEAIEIYVNIEHNRISVGFHLTHQFEFTYTLQSMVEQGKTIRPGMRVVEADAKQFYTYTVDHVATYGVTDRCPLLQTSIYQYYVIKGAEFILRTFTRATRVVHVRTREQKHSWASSLLKPTCTFETMFPHDILHVSRAIKLSASERMEMLYKILQHLKAQYRYLTFAPEPFSIAQNGYKLNDFSLPKIHFQKDFATIIAGAKTGRVYKGGNIKISIIFDEDFKEKEKITEKDVFQFVAVLKRIAISCGCNMSVSTVTKVIDGKFSDDFYQHFTEKIEALQPIYAQTTVMAIISDTHLSDEQTRSYNSIKQYFGGKWDISSQIVTDETVLAFRKILEKHGLKDIRNNDELHCLKVIDVLKNESLFYTILNILLGIYVKSGIQPWVLANSMHNDCFIGVDVSHEDGDSAVGMMNVIGNEGSLIKQSPINGDLSGEKINDELLSEMLKNIIKAYHTKFKRFPKHITIHRDGFWREHAALIQKIMAKYEISFDIIEIVKKPNRRSAFYNNTTSVFSTRQGTIYRKGDTAYLCATNPQEKVGMAQPIKIRQVTKTLPFSHIIKDVYNLSFLHIHSTNKMRLPATIFFADLSATAYRRGQVRPRTGNQTNLPF,0.7024456858634949
12,MQAYITRLTARQLADEIEIYIYVFPRKESNNVFEGVEFVMEAGQRANSKSLAHKNNTIIAFTPIRHFCGFVPEEMRKRHVNIDSPYERSLLERCIKNSLIYTAEKHLECQRVGQSLRLDKVMQIKQVVIYEAIEIYVNILQNRISVGFHLTHQFMYTFTLQSMIEQGHTVRPGMRVIHAEGRQYYTYVVQHVATYGVTDKDPLLHTSIYQFFVEKGANFTLRTFTRATKVIIVRTRQQQLSYAAQLLKPLCTMETMEPHDVLNVSRAIKLSASMRMKLLFKHLQQLRAEYRQVSFAPEPFSIAQNGYKLDQLATPKVHFHRDYSTVVSALHTGKLYRGGNVKVSLIDDESFFQRFQISEHDVYTYVAVLQRVAESQGVNMSISDATHAVEGHFTDDFYFHFDEEIQALEPIFAQTTVMAFVTSEHIADKYTRSYQILKQYFGGKMDISSQIVTTQVIQSFQKVLKKHGLENFKPEDEEQNERIIEVLKDQSFFYTVNNILLGIYVKSGVQPWILSEDTNSDCFVGVDVSHENGNSASGSAHVIGSQGHLIKQAPLYGDLAGEIIDDVLLAEFLEDLIKAYHTQYDEFPKHVTIHRDGFWREDTTLIEKIMSHYEITYDIVEVIKKPNRRMAFYNTTTDTFYTEQGTVYQRGNTAFMCATDPEEKVGMAQPIKIQQVTKTLPFSDIIEDVYDFSYLHIHSMNLMRLPATIFFADLSATAYRRGQILPRTGFKTNLPY,0.6834239363670349
13,MEAYITEMVSRERFNEILIYEFTFPRRISTNNFFGVMKVKKAWNRANNQPLAFDNNTIMAFTPIRHFCGYTPETVRKRFVNINSPFEKALLERLIQNSLIFTAERFLDARRVGESLMLNKTQQIERVMIYRAIELFVNVIHDRICIGYHLTHQFDYIFTLQTMVEQGKTIRPGMRVVVSEGFVNYTYTLDNVGDYGVSDRCPLLKTSIYQYFVEKGANWVLRLFTRATRIIIVRSKEQRNSYAATLLKPLCSQDTLKPDEVLNISRAIKLSSSERMQETFKWIQHLRSQFRHLDFAPNPFTIAQNGYRLNQFSLPKIHFDRNYATIVTAMKSGKVYKGGTVEISIFYDESFFDKHEISEKDVYCFVAVLQRLSNSQGVNMTVSDSIKSIDGFFTSDFMHHYNEEFLALQPIFAKTTVLAFIPVEHISDKKDRSYEILKQYFGGKWDIASQVVTTRTIESFKKVLKKHGLKDFYPDDEEQCLKIIDVLKNESFFFTIMNILLGIYVKSGIQPWILAENLHSDCFIGIDVSHENGNSASGMMNVVGSQGHLIKQAPVHGNIAGEKIHDSLLANTIKKLIKAYHTHFKRYPKHITIHRDGFWREKVALIEKIMAKHKITFDIIEVVKEPKHKMAFYNSTNNTYSTRQGSVYQRGNSAYMCSTNPLEKVGMAQPIKIELVTKTQPFSHIIEDTYTLSFLHVDALNKMRLPATVHFADLAATAYQRGQVMPRSGNRTNLPF,0.6929348111152649
14,MKAYITRLVSRERFNEIEVYVHVFPKFEDNLNWQGVHQIMEAWQRANALALAYNQNTIVSMSPVRHMCGFTPQETKKRHINVDSPYERALLERLIKNSLIYTAQRHLNAQQVGDALRTNQVKQIRRVVIHQAVELRVNIIENRIFVGFNLTHEFEYIFTLQSMIEEGKTIRPGMRCTHSDGFTFYVYTLENVATYGVTDRCPLLQQSIYQYYIDKGADHVLRTLTKATRVVHVRSKEQRLSYAGTLLKPLCTMETMRPTDVLNVSKVIKMSSSERMKTLFRILQQLRSEYKQLTFAPNPFTIAQNGYRLDELSTPRVHFDWEYATVVSGMKTGKLYKGGNIKVSIIDDNSFKNRHEISDKDIYNFIAILRKIANSQGVNMTIGSSQKSIAGKFTDDFYEHMTQHIKALKPIFAHTTVLAFITSDHESNQKSRTFEKIKQYYGGKFDIASQVVTEKTLEAFQRIKEKHGLENYYPEDHEECLKVIDILKNESFYYQIMNILLGVYVKSGIQPWILANSLHSDCFIGIDISHNNGDSASGAMNVIGSQGNLVMQAPLHGVLSGEKIDDTLLGNTLKETIKAYHTKFQQYPKHITIHRDGYWRENLALIHKIMSKYKITYDFVECIKKPNLRMAYYDSNTDNYSDKQGTVFQRGNSAYLCATDPQEKVGMAQPVKIKQVTKTKPLSQIIEDVYSLSFLHVHALNLMRLPATIHFADVSSVAYQRGQVQPRSGHETNLPF,0.71875
15,MEGYITETVSRERANDIEVYKLVFPRKETNNNFQGIFDIKEAWQRANNLPLAFDDNTIVAFTPIRFLCGYTPEKHERKFVDIDSPYERALLERLIKNSLIYTAQKHLKAQRVGLSLMLDETQQEQRIIVFKSIRLYVNVIENRITIGFHLTHQFEFIYTLLDMVQNGKTIRPGMRVVHANGKEFYTYTVINVGDYGVTDRCPLLQTSIYQFYIEKGEEHILRSFTRATRVVNVRTKEQKLSYAATLLKPLCTMETMRPDEVENVSKAIKLSADERMELLYRLLQHLRSQFRYLNFAPQPFIIAENGYRLEDFATPRIHFHKDYATIVDGANTGKVYRGGNVKVSFLKDEDLFEKHQITLRDVYNFISILQKIAKSQGVNATVSDATKSFSGKFTSDFYHNFTQEVEALEPIFSETTVILFITPTFISNQEDRAYEERKQKYGGKWDIASQIVTEKTLEAFKRVLEKHGLKSYKPDNNFQCLKVIEVLKDEAFFYIVLNILLGVYVKSGVQPWILAECTHSDCGIGIDISHENGDASAGMTHVIGSQGHLIKQSPINGDIAGEKINDTLLADLLKDLIKAFHDKFDRYPKHITIHRDGFWREKAALIEKIMSKHEVTYDIVEVVKKPLRRMAFYNSTNDTFATRQGLVYERGDAAYLCTTNPQKKVGMAKPIKVHLVTKTQPFSDIIKDVYTLSFLHIGAMNKMRLPATIHYADISATAYQRGEVNPYSGNETNLPY,0.6739130616188049
16,MKAYVTELVSRERADDLEVYQYVFPKKESNLVYQSIYLVRNAWQRANSLPLAWKQETVIAFSPIRQLCGFTPEEKEKRHINITSPFERSLLERLIKNSLIFVATRHLNANQVGEDLKLCKHMQIERILIFEAIRLYVNIVQDKIVIGFHLTHQLMFTYTLLDLIEQGETIRPGMRVVHSNGYLNYTFTLENVADYGVVDRCPLLQTSIRQYYVEKGALWILRTLSRATRIVIVRTKRDRLTYAATLLKPLCTFETMRPEDVLLVSKAIKLSASERMESTFRWLQKLRAQFRQLTFAPNPFTIAFNGYRLDQLSQPKIFFDRNYDTIVSGLKSGKLYKGGNIKISILFDEDFRTKHHITQRDIFNYVSVLQRIAHTLGCNMTVSTVSESIDGLFSTNFYHHFTEEVEALQPIFAETTVVAFITSTALSNQKTRSYQTIKQYFGGRWDIAIQVITERTIEAFKKIKQKHGLMDFRPKDEKHCLKAIDVLKNDSFYYTICNILLGIYVKSGIQPWVLANSTHSDCYIGIDVSHENGISSAGMMNVIGSQGQLLKQAPVSGDLAGDKINSTLLAELLKNLIKAYHVEFNRFPKHVCIHRDGFWREEVALIQFIMSHHQITYDIVEVIKKPNRRMAFYNSVDNTWEDRQGTVYQKGNEAYLCAIDPQEKVGMAQPIKIEQVTKTLPFSQIVLDVYNLSFLHVHAMNKMRLPATIHFADESAVAYKRGQVKPRSGYKTALPF,0.720108687877655
17,MEAYITETVSRERANEIQIYVYVYPKKESDEIQEGVYEIWKAWQRANSIPLAHDDHTIIAFSPVRKLCGFTPMKTEKRHIDINSPYERSLLERLIKNSLIYTAERHLHAEQVGHTLKLEKTQQLRRVIIYKAIELYVNVIENKISIGFHLTHQFEYDYTLLDMIEQGKTIRPGMRVIHADGKEHYTFSLMHVATYGVTDRCPLLETSIYQYFVEKGAQHILRTLTRATRVVHVRSYEQKMSYAGSLLKPLCTFETLKPDEVEEVAKAIKLSASKRMNNTYRLLQELRAQYRYITFAPNPFTISQNGYRLDEFATPKVFFDKNFSTVVSGMKTGKLYKGGNIKVSVLYDENFFQWHHITLEDVFNYIAVLQRLAVKLGVNMTVSDATKAVDGKFSDDFYNHLDEEVNALQPIFAETTVIAIITSTFLSNEKSKSYQVIKQYFGGKWDISSQVVTERIIQAFQKVLHKHGLKNYRPDDEEECEKVINVLKNESLYYSVMNILLGIYVKSGIEPWVLAETTHSDCFIGIDVSHEDGNSASGMTNVIGTQGQLIHQAPVAGDIAGQKIDNTILANLLKNRIYAYHTKFNEYPKHITIHRDGFWRELTTLIEKIMSKYHITYDIVEIVKKPNRRMAFYDTDNNTWSTMQGTVYKQGNEAYLCATDPQEKVGMATPIKIHQVVKVLPFSEIVEDVFKLSFLHIHSLNTMRLPATIHYADLSATAYQKGQVMPRTGNETNVPF,0.726902186870575
18,MEAYITELVSREKANEIEVYIYVFPKRQSDDDNQGVYQIQKAWEKANNLPLAFEQNTVIAMSPIKHQCGFTPQETEKRHINVDSPYERALLERLIKNSLIWVAEKHLEAEKVGQALRQDETQQIREIVIHKAVELYVNVIENRIVVGFHLTHQFQYTFTIQDMITEGMTIRSGMRVVHSNGFQEYTYTVEDVADYGVTDKCPLLQTSIYQYYVNKGAEHVLRTLTRSTRVVHVRSKQRKKSYAATMLKPNCTYETLYPDEILNISRCIKLSASERMNELYRELQHLRAQYRDLTFAPNPFTIAQNGYRLELLTTPKIFFQREYATVSSGMKSGKLRKGGNVKISVFFSESFRNKFKITKKDIYQFIAVLQKLAEARGINWTVSTATQSVDGKFTSDFFHHLNEEILALEPVFSQTTVMAFITATHITNQKTRSYQSIKQYFGGKWDISSQIITEKTILAFKKILQKHGLKDFRPKDEQQCERIIDILKNQSLFYTVLNILLGIYVKSGIQPWILANPMHSDCFIGIDVSHKNGNVAAGMMNVIGSQGHLIKQAPLSGDIAGEKINDSLMADFLKNIIRAYFAQYHRYPKHITIHRDGFWREETAMIQKICAKYKITYDIVEVVKKCNRRMAFYDSVTNTFSTKQGTVWQRGNSAYVCSTDPNEKVGMAQPIKIQQVTRTLPLEHIIEDVYDLSFLHIHAMNTMRLPSTIKYADNSATAYQRGQILPRTGNQTSLPF,0.7146739363670349
19,MKGYITETVSRERFDEIQIYVYVFPKRQSNEDFEGVIQIRLAWERANSLPLAFNDDTILAFSPIKHLCGYVPQQTEKRHINIDSPFDRALLERLIKNSLIYTAERHMEAEKVGDSLRLDEIQQIEQIIIYRAVKVFVNIIHDRIIIGFHLTHQTEYDYTLMSMIEEGMQIRPGMRVIHSSSYVQYTYTVEHVASYGVDDRCPLLQTSLYQYYVEKGAKHILRTFTRATRVILVRTKEQKHSYASTTLKPECTFDTMEPNEVELVSKAIKLSASERMKNLWRWLQHVRAQFRHLTFAANPFTIAQNGYKFDQLSHPKIHFHRDYATVVAGMKTGRVYRGGTIKISVLFDHDFRQRFDITDHDIFNFVAVLQRIAVVQGVNMTISDSTQSISGYFTSDFYQHFTEEVEALQPTYAKTTVVAFIPAENFSNEKDRAYQRLKQYFGGKWDIASQIVTTQIFLAFQKILEKHGLKNFYPQNHEECLKVIDILKNQSFFYQVLNILLGVYVKSGLQPWVLADTTHSDCYIGLDVSHENGNSAGGMTNVIGPQGALIKQAPLDGNISGERIDDTLLANLLKNIIKAYHTKFNRFPRHITIHRDGFWRENTDLIEKIMSKWQITFDIVEIIKEPHRRMAFYNSVTDTFATKQGTVYQRGNTAFLCSTNPNEEVGMAQPIKIEQVTKTLPLSQIVKDVFNLSFLHIHGLNLMRLPATVHYADKSSTAYNRGQVKPRSGHKTNLPF,0.717391312122345
20,MEAYVSETTAREKADELEIYVLVFPKKLADDLFLSVFHITKAWQRANALPLAFNQNTVMAFTPVRHKCGFSPQETQKRHINMDSPFERALFERLIENSLIYTAKRHLQAQRVGKALKLMEIEQLKQVIIYEAIQIYVNVINNKIEVGFHLTHQFEYIFTLQDMIEQGLTIRPGMRVIHSNGRTEYVYTVKDVASYGVTDRNPLLQTSIYQYYVQKGAQHILRTFTRSTRIVIVRSYEQRFTYAATLLKPLCTMQSMYPQDIRNVNRCIKLSSSKRSDLMYRWLQHLRAQYRYLTFAPEPFTIQENGYRLEELSEPRVFFDRDFATIIAGMKTGKVYRGGNIEVSIIYDDDFFQRHKITEKDVFQFVAILERIAVSQGVNMTISDTTESVGGKFTSDYYYHWTEQIEALQPVFAKTTVIAFLTEIFITNQKTRAYQTLKEYFGGKWDISSQVVTDKTIQAFEKLLEKHGLKNFRPENELQCLRVIDVLKNESLFYTILNILLGIYVKSGIQPWILANDLHSDCFIGIDISHEDGNSAAGMTFVIGSQGHLIKQAPLHGDLSGEKIDDNLLADTLKELIYAYKTKFQQYPKHITIHRDGFWREETSLIERIMAKYEITYDIIEVIKKPNRRMAFYDTVDNSYYTKQGTVFKRGNEAYLCSTDPNQRVGMAQPIKIHVVTKTLPFSHVIEDVYDLSFLHIHSMNAMRLPATVHYADLSTTANQRGQVLPRSGNKNSLPY,0.7024456858634949
21,MKAYITECTSRERADEIEIYEYVFPKKLSNDQHEGIYLIFKAWQKANDNALAFNNHIIIAMTPVKQLCGFVPMEVQKRHIDINSPFERALLERLIENSMIFTAERHLDARRVGKSLELEQTQQIKQVIIFQAIELHVNIIENRIEVGFHLTHRLEYIFTLQDMIKQGREIRPGMRVVHSNGFHEYTYTLDNVASYGVTDRCSLLQNSVYQFYVEKGAQHILRTLTRATRVVHVRTKEDRLSYAATLLKPLCTFQTMYPEEVLHVNRCIKLSADHRMNETRRQLQLVRSQFRFLTFAPNPFTISQNGYKYDQFSSPRVLFNWDYSTIIAGLKSGKVYKGGNIKIAIIFDEDFYNRHEITLRDVYQFISVLRRISIAQGVNMTVSDTTRALIGLFTLDFFFHFTEKVEALYPIFAKTTVLAFITSEHISNEFDRAYQKIKQYFGGKWDIASQIVTDKTIEAFKKILEKHGLKDYYQEDEMECQRVIDILKNESFYYTILNILLGMYVKAGIQPWILAETMHSDCYVGIDIANENGNAAAGMCNVIGSKGHLILMAPISGILSGEKIDDTLLSEFLKDLIKAYHVKFKRFPKHITIHRDGFWREQLAMVEKIMAKYHISYDFVEIIKKPDRRMAFFDSVTDSYCTKQGTVYQQGNSALVCSVDPEKEIGMAQPIKIHQVTKTRPFAEIVEDVYNLSFLHIHAMNLMRLPATIHYADLSSTAYQRGQVMPRTGNQTNLPF,0.710597813129425
22,MENYVTEIVSREKFDEIEVYIYVFPRKQSVNDYQGVYLVMKGWKRANDKPLAYDDHTVIAFSPIRHWCGFTPEEVEKRHINIDSPYERALLQRLIKNSLIFTAERHLHCERVGEVLQLNKVLQIKQVIIYEAVRLYVDIEENRIVVGFFLNHQFDFTYTLLDMVEEGMVIRPGMRVVVSSGRTEYTFTVDNVASYGVTDRCPLLQTSIYQYHVEKGAQHVLRTLTKSTKVIHVRTKEKKLSYAAVRLKPDCTFQTMRPDEIEEVSKCIKLSASKKMKELFRELTQVKAQFRKLTFAPNPFTIAEIGYRIQTLSTPRVLFERDYATVITGVRCGKLYKGGDIKVSFVDDQNFKQKHEITLEDVYQYISILQKIANAQGVNLTISTSTIAIYGKFTVNFFQHLTEEVKALRPVFAETTILAFITEDHISNEKDRSFQTIKQYFGGKFDIASQVITEKTILAFKKILEHHGLKNIRPEEEEKIQKVIDILKDMSLFYTVLNILLGIYVKSGIEPWVLAESLHSDCGIGIDVSHEDGNSAGGMMNVIGPQGHLIEQAPLDGNVAGEKIDDDLLANTLKQMIKAYHTHFQRLPKHITVHRDGYWRTHTALIEKIMSKYHVTYDIVEVIKKPLRRMAFHNSDNSTFSTRQGTVYKRGNSAFLCATDPLKKVGMAQPIKIKVVTKTKPFSDIIEDVYNMSFLHVHALNKMRLPATIEYADLSATAYQRGQVMPRTGHETNLPF,0.717391312122345
23,MKSYVTELVARELFDEIEVYVFVFPQKQSDENYEGLFEIMRAWQRANSISLAFKENTIVAMSPIRHLVGYTPLQWRKRYIDINSPYERALLQRLIKNSLIYTAKRHLEMERIGDDLRLDKVQQIKQIIIHKAIELYVNVIENRIVVGFHLTHNFEYDFTLQSMVQEGKEIRPGMRVVHSNGEENYTYTCEHVASYGVTERCPLLQQSIYNYYVEKGADYELRSFTRATRVVHCRTKQQRLSYAATQLKPLCTFETMKPHCILCVNKAIKLSASQRMNTAYRQLQKLRAQFREMNFAPEPLTIAENGYKLNEFSQPKVHFDRDHATIVAGLRTGKLYKGGNVEVSYIFDDDFYTRHRITVEDVYTFIAVLQRIAISQGCNLTISTATKSLDGRFTTNFYKHYTEEIEALQPIFSKTTVLAFITPQHVSDEQCREFHILKQYFGGHWDIASQVITEKTIEAFKKILKRYGLKDYRPENKEQVQRVIEVLKNESFYYTVMNILLGIYVKSGLEPWILAESLHNDCFIGIDVTHNNGDSAAGMANVIGPQGHLILQAPISGLIAGEKIDAELLAQTLKNMVRAYHDKYKEYPKHITIHRDGFWREQLALIQKIMAKYQISYDIVEVVKKPNRRMAFHNSTTTTYSTRQGLVYQRGNEAYLCSTNPEQETGMAQPIRVKQVTKTLPFSDVVQDIFNLSFLHINALNKMRLPATIHYADLSSTAHQRGQVLPRTGNKTSLPF,0.6834239363670349
24,MEAYITETVARERADQVQIFVYTFPYKLSDQEFDGIYHIMRANQRANDKPLAYDDNTVISFSPIKHMCGYTPLQTKKRHINMTSPYERSTLERLIRNSLVYTAQRHLDAKRVGHSLKLNQTQKIKQIKIHEAVQIYVNIIQDRIVIGFHLTHQFEYVYTLQDMIEKGETVRPGMRVVVSDGFHHWVYTLDNVADYGVTDRCPLLNSSLYQYWVNKGAQHILRTFTRATRVIIVRSEFQRLCYAETLLKPLCTIDSMKPENVLDASKCIKLSPSERMKCSWRLLEMLRAQFRYINFAPNPFTIGENGYRFDLFSEPKIKFDWDYATIVAGAQTGKVYKGGDVKISVLFDQDFFERFQISLKDVFCFIAVLQRVAESQGVNMTVSDATKSVTGEITDDFFHNFDHQVEALEPIFAQTTVIAIITSTHVSNQRDRSFQTIKQYWGGKFDISSQIVTEQTIEAFKKILKQHGLKNFFPDDEKQCQKVIDVLKNMSFFFTVLNILLGIYVKGGVQPWILAEELHSDCYIGLDVSHENGDSAVGMMNVIGTQGQLIKQSPINGNIAGEKIDDVCLADLLKNMIKAYHDEFNKYPKHITIHRDGFFRENIALIDKIASQYHVTFDIVEVIKKPNRRMAFYNSTVATYSTKQGTVYRKGNSAYLCATDPEEKVGMAQPIKIEVVTKTKPLSHIVQDVYDLSFLHIHGMTLMRLPATIHFADLSSTAFSRGQVMARSGFKCNLPY,0.67527174949646
25,MKARITELVSRNRANQIKIYVYVYPKMLSVDEYEGVYEIERAWERANSQPLAYKESTIVAYAPIKFLCGYVPQEMKKRHINVNSPYERALMERLIENSLVWTATRHLQMRRVGKDLRLQEVQQIKEIIIYEAVRIYVEIIDNRINIGFHYNHQFEYTWTLQDMVEKGKEIRPGMRVVHSNGFNHYTYTVNNVASYGVTDRCSLLQTSVWQYYVNKGAEYILRTFTRATKVIHVRTREERFTYAAVLLKPLCTFQTLYPLEVIEVSKLIKLSASRRMELQFRELEQVRAQYRQLDFAPNPFTIDQNGYRVDELAVPRVHFDREFATVVSGMKTGKLYKGGDVKISIFDHEDFKQKHKITEKDVYQFVSVLQKIALAQGIVLTISDATQSVDGFFTTDFFLHFTEQIQSMQPIFSHTTCIAINPSEHLANKETRSYFLLKQFFGGKWDIASQIVTEKTIQSFKKIKQKHGLKNIRPEDEEQCERVIEIIKNESLYYTLMNILLGIYVKSGIYPWILANQTHSDCFIGIDVSHHNGDEVAGMQNVIGSQGHLVKQAPLAGDIAGEKVDNTLLADILKNLVKAYHTQFKRFPEHVTIHRDGFWREQVDLLEKIMSKYEVTFDIVEVIKKPNKRMAFYDSTTNTYSTKQGTVYEKGNEAYLCTTNPNEKVGMAQPIKIHQVTETLPYSEIIQDVYDLSFLHIHALNRMRLPITVQYADLSATAYQRGQVNPRSGHKTNLPF,0.688858687877655
26,MHSRVTEVVSRERADEIEIYEYTYPRKQSNLDYEGIFQVMRAWQRANDVALADKCSTIMSFSPVRHHCGYTPQEMQKRKINITSPYEKSLMERLIKNSLIYTAEKNLNAQRVGHALRLDEIKKIREVIIYEAIELHVNILHDRICVGFQLSHTFEYTWTLQDMIEQGETIRPGLRVVHSNGWEIYTYTVEHVATYGVTDRCPLLQTSVYQFYEERGAEFILRTFTRATRIIHVRSKEQRLSYAAQLLKPLCTMVTMEPDDCEDVSKAIKLSASQQMHTAFRWLSHLKAQYRFLTFAPNPFTISYNGYRLNLFASPKVHFDYNFATVVAAAKTGKVFKGGNIKMSIVYDEDFFDKEHITQRDVYQFIAVLRKIAIAQGVNMTVSTVTESLEGYFTDNCYFHFTEEVQALEPIYAQTTVMAFITSTALSNQKTRSYMQLKQYFGGKWDISSQVVTTKTIEAFKKILQRHGLKDIRPHDEEQVLKVIDTLRNESFFYTVMNILLGIYVKSGIQPWVLADVTHSDLYVGIDISHEDGNSAAGMMHVVGSQGHLIKQVPLSGDLSGEKINDTLLSDTLKNIIKAYHTNFHRFPKHVTIHRDGFWREDTAIIEKIMAKYHISYDIVEIIKKPNRKMAYYDSTNDCYATKEGIVFKKGNSAYLCSTDPNKRVGMAQPIKILLVTETLPYSEIIQDIFNLSFLHVQAMNQMRLPATIQYADLSATAYQRGQILPRSGNKTSMPF,0.6915761232376099
27,MKAYISEMVSRERADKIQIWVYTYPKRLSCEVWEGTRLIMQCLQRANSEPLAFDQQTIISFSPVYEMCGYTPLETKKRIINIDSPFERALLERLIKNSLIFTACRHLDAQRVGHSLRLQQTQRIKRIIIHKAIELQVNILEDRIVVGFDLTHQFDYTWTLQDMVERGKTIWPGMRVIHTNSKQNYTYTVDCVADYGVVDRCPLLKTSVWQYYVERGAEWVLRTFTRATRVVHVRTRKQRLCYASTELKPNCTFDTMKPEDVLNVNKCIKLSASEKSKALYRKLTLLRAQFRHLTFAPNPFTIAQMGYRINQLSQPKIHFDRDYATVVSGAKSGKLYRGGNIEISIIFDDDFKEKHNITEFDIFTFLAVLQRIAISQGVNMTISTSTKSIDGQWTIDFFHHFTEHVQALHPIYAQTTVVAFITPNLIANEKTRDYHILKQYFGGRWDIASQVITEKTILAFKKLLEKHGMKNYRPENEEECLRIIDIIKNESFFYTVLNILLGIYVKSGIQPWILAESLHSDCFIGIDVSHENGNSAVGMTNVIGTQGDLIREVPLNGNLSGEKIDDNVLANLLENLIRAYFTEFQLFPKHITIHRDGLWREDATLVEKIMAKYQITYDVVEIIKKPNRRAAFHNNTDDTFETKQGTVYRRGNEAFVCATNPDQKVGMAQPIKIHQVTKTLPFSHIVKDVYDLSFLHIHSLNKMRLPATIYYAHLSATAYQRGQIMPRSGNQTSLPW,0.71875
28,MEAYVTRMVSRERADQIQIHLYSFPRKLSNDDYLGVYLIQKALQRANDDALAYNEQVIMAFSPVKQLCGYTPKQTQRRFIDIDSPYDRALLERLIKNSLVYTATRNLQARMVGQSLKLDQVKQIRRIIIYRAVELKVNVIEDRICVGYDLTHQFEFIFTLQDMVEEGKTIRPGMRVVHSDSRDHYVWTVEYVADYGVTDRDPLLQTSIYQYYVEKGADHVLRKLTRATRVVHVRTKQQRFAYAATLLKPLCTFDTFKPQEVLHINKLIKLSASERMNTLFRLLQHLRSQYKEVTFAPQPFTIAENGYKLDQLSVPKVFFDRDFATVVAAMKTGKLYKGGNIKISILFDEDFKTRHHITEKDIFNFIAILQRLAVAEGVNLTISTVTESHEGKFTDEYYQHFTEQVEALHPIFAETTVIALITSDHVSDQKSRAYHIIKQYFGGKWDIASQVITSKTIEAFKKVLEKHGLKNYKPNDNRLCLRVIEILKNQSFYYTVLNILLGIYIKSGIQPWILAECLHSDCGIGLDISHENGDSAAGLTNVIGTQGHLLKQAPLNGNLAGEVIDDTLLANFLKKLIKAYHDRYKRYPKHVTIHRDGFWKEQQALIDKIMAKHKITFDIIEVIKKPNRRMAYYNTVNNSWSTRQGLVYKKGDSAFLCSTDPNQKVGRAQPVKIHLNTKTLPFSDIIKDVYYLSFLHVGAMKTMRLPATIHYADLAATAYQRGQVNPRTGNQTNLPW,0.698369562625885
29,MKFYISRMTSRERADELQVYMFVFPRREDDDDHKGVYEVELAWQKANDLPLAYYLHTIMSMSPIRHMCGYVPEEIERRHINIDSPFERALLERLIKNSLIFTATRDLHARQVGKSLRLPQVQQVRQIVIYRAIRLYVNVIQNRIVVGFKLTHQFEYTFTLLDMVEQGKTIRPGMRVVDANGRTHYTWTLDNVADYGVTDRCPLLQVSLYQYHVEMGAEHILRTFTRSTRVIHTRTKQQKDTYAQTQLKPLCTFQTMYPNDVLNVSKAIKLSASKRMKSLYRMLQHLRAQFRYLTFAPEPFTYAENGYRFDELAMPKIHFDRDFATVTDGMKSGRLYKGGNVKISLLYDDDFYQKYHITDKDVYQFVAVLQEISHSQGVNMTVSDSTESVVGFYTDDFYFHFTEEIEALEPIFAENTVLAFIVSTHLTDEETRSYERIKQIFGGKFDISSQVVTERTILAFQKILEKHGLKDYYPEDEEELLKVIDVLKNQSLYYDVMNILLGIYVKSGLQPWILAETLNSDCFVGLDVSHEDGDTAAGMCHVIGPQGHLIKQAPLAGDLAGEKVDDSVLAELLKNLIKAYFAQYNQYPKHITIHRDGFWREQTALIQKIMAKHQVVYDIVEIIKKPNRKMFFYNSDTATYSTKQGTVFQRGNEAYLCATNPLEKVGMATPIKIKVVTETLPFSYIVQDVYDLSFLNIGALNKMRLPATIHWAHLSAVSFQRGQVLPRTGNKTNLPF,0.7051630616188049
30,MEAYISEMVSRERANEIQVYIYVYPKKQSNQLYKGVYNIVRAWQRANSQPFADDDHTIIAFSPVRHWCGYTPMRIEKRHVNITSPYERALLQKLIKNSLIYTATRHLHSFRIGESLKLQETQQLRQVIIHEAVEIYVNIIENRISVGFHLTHQFEYVYTLQDMIQQGKTIRPGMRVVHSNGYEHYTYTVENVATYGVTDKDPLLQQSVYQFYVEQGAEDILRTFTRSTRVVIVRTKEEKLTYASTLLKPDATFETMKPVEVILVSKCIKLSSGKRMDHVKRLLSHLRAQYRKLTFAPNPFSISQNGYKLLQLAEPRIHFDRDYATVTAGLKSGKLYKGGNIKISFIFNENFYEYHQITKEDIYLFVSILQKIAISQGVNMTISDKTESINGFFTVDFFHHLTEQIESLKPIFAETTVLLFIPETHLDDEKDRAYHTLHQYFGGHFDIASQVITEETIQAFLKILEKHGLKDYYPDDEEEVHKIIDVLKNQSFFYTVLNILLGIYVKSGIQPWILADTMDSDCFVGLDVSHENGDSAGGMTNVIGSQGALIKQAPLNGIIAGEKIDDNLLANFLKQLIYAYHDKYMRYPKHVVIHRDGFWREQIDLIEKICSKYEIDYDIVNIIKKCNRRMAFWNSTVNTWSTRQGVVYERGNSAYLCSTDPEEKVGMAQPIRIQQVTKTLPLSHIIEDVFNLSFLHIHADNKMRLPATIHFADLSSTAYQRGQVMGRTGNRCNLPW,0.7255434989929199
31,MEGYITEATSREHANEIEIYVYVFPRFQSDLIFLGVFLIKKAWQRANAIPLAYDQHTIISFSPVKHLCGYVPEETQKRKINIDSPYDRSLLQRLIQNSLIFVAKRNLNAHKVGHALKLNQVEQIKRIIVHEAIEIFVQIIKNRIAVGFNLTHQLEYTFTLQSMIEQGQTVRPGMRVVHTNGKHEYTYSVENVATYGVTDRCSLLQTSVYQYYVIKGAEHILRTFTRATKIIHVRSKENRLSYASTLLRPLATFETMEPVDVILVSRCIKLSASERMKTTYRTLQQLRAKFRHLTFAPNPFTISQNGYRINLLATPKVHFERNFATISSGMKTGKVYRGGNVKISILFDQDFKNFYEITQHDIYQFIAILQRIAVSQGVNMSVSTATKAINGKITIDFFKHFTEEIEALEPVFAHTTVLAFITDTHLSNKKDRNYNRLKQYFGGKWDIASQIITEKVIQSFLKVLEKHGLKNFRPNDEEHNLKVLDILKNESYFFMVFNVLLGIYVKSGIQPWVLADTMHSDCFIGIDISHENGNSAAGMMHVIGTKGSLIKQCPLNGELAGEKIQDSLLAQLLKDCIKAYHTKYNKMPKHITIHRDGFWREQVSLVDKIMAHYEITYDYIEVVKKPNLRMAFYNTDNDSYSTRQGTVYKRGNSAFLCATNPEEKVGMAQPVKIEQVTKTLPFDHIIEDVYKLSFLHVHSINRQRLPATVHYADLSATAYQRGQVMPRTGNQTALPF,0.726902186870575
32,MKAYITRSVSRELANEIQIYVYTFPRRHSDLDNESVFEIMEAWQRANNSALAYNQDVIAAFSPIRQLCGYTPQEVERRHINIDSPYDRALLERLIKNSLIFTATRHLHAKMVGQSLRLNEIEQIQRIVVYKAIRINVEVIHNKIAIGFHLSHQFQYIFTLQDMIEKGETIRPGMRVVHSNGENNYTYTVEHVANYGVHDRCPLLQTSIYQYYQEKGAEHILRTFTRATRVVHVRTKEEKEMYAASLLKPLCTFDTMRPNSVIQASRCIKLSASQRMETVYRWLCQLRAQYKHITFPPLPFTIGQNGYRLNQLSTPKVHFERNFATVSSAMETGRVYKGGNIKISLIDDENFYLRHQITDRDIYQFVAILQKIAVAQGVNLTVSTTTKSVDGKYTTDFYHHFTEEVKALEPIFAETTVLAFITPTHLADQRSRSFQALKQYFGGKFDIASQVVTAETITAFQKILKKHGLKNFKPDDEKECHKVIDIVKNESFYFTILNILLGIYVKSGIQPWTLAETTHSDCYIGLDISHENGDSVSGMSNVIGSQGHLIHQAPFVGIISGEKIDDTLWANLLKELIKAYHTRFQQYPKHIVIHRDGKWREHSSIIQKIMAHYEVTYDIVEVVKQPLRRMAYYNTVTDCFYTKQGVVYRRGNSAFLCATDPEEKVGMAQPVKIKQVTKTLPLTHIVHDIFNLSFLHIHAMNKMRLPATIHYADLSASAYQRGQLLPRTGFQTDLPF,0.710597813129425
33,MKSYVTRVISREKANEVEVYILVFPKKESDEDYQGVYEIREAWQRANSLPLAFDQNTVIAFTPVRHYCGYTPKEVQKRKIDVESPFERALLQKLIKNSLIFTAERHLHAEKIGESLRLDKHQQIRRIVIYEAIRIYVEIIEDRIVIGFYLTHSFEFTYTLQDMIENGKTIRPGMRVIHSNGWNDYTYTVENVADYGVVDRCSLLQSSIYQYWVEKGAEFILRTLSRATRVVYVRSKEQRFTYAATLLKPNATFESMKPIDILNISRAIKLSASQRMKETYRILQKLRAEYRHLTFAPEPLTYSQNGYKMDQLSEPKVYFNRDYNTIVAGMKTGKLYKGGNVKISILYDDKFRTKYKISEEDIYCFVAILQRISIAQGINMTISTATESVDGFFTVDFYYHFTEEILALFPIFALHTVLAIVTSDHISNQQSRSYQTIKEYFGGKFDVASQIITDRTVEAFKKVLKKHGLQNFYPNNEEDVQKIIDVLKNDSFFYTVLNILLGIYVKSGIQPWVLAEQLNSDCFVGIDVANEDGNSAAGMMNVVGPQGHLIQQSPVNGNLAGEKIDDVLLAETLKNLIKAYHTQFNKFPKHITIHRDGFWREHTAIIERIMAKFQIVYDIVEVVKKPDLRSAFYDPVTNSFSTEQGVVYQKGNEAYVCATNPKKKVGMAQPIKVHQVTKTLPFSDIIQDVYNLSFLHVQATNLCRLPATIHYADLSATAYQRGHVLPRSGNQTNLPF,0.7024456858634949
34,MQAYITELTSREYANEIEVYIYVYPKYESNNPQKAVYHISEAWRRANDIPLAHNEHTIMSMTPVRQLCGYTPQQIKKRHINMTSPYEKALLERLIKNSLVYTAERHLNCKRIGYSLRLDRVMQIYRVCIHRAIRIYVNIIEDRICVGFFLTHRFEYTYTLQSMIEQGMTIRPGMRVVHSNGKDHYTWTIDHVASYGVTDRDPLLQTSIYQYFVQKGAEHVIRTFTRSTRVIHVRTKEQRMCYAASLLKPLCTFDSMKPTSVIEVSKAIKLSSSKRMKELFRHLQHLRAEFKFLTFAPEPFTIGQNGYKFEELATPRIYFHYDFATIISGMKSGKLYKGGNIRISFIFDEDFKNRHQISDRDVYQFIAVLQRIAISQGINMTISTATETVEGHFTDDFYFHLTEEVQALQPIFAKTTVLAFMPSTHITDEKTRDYQTLKQYYGGKWDISQQVITEKTILAFKKILHKHSLEDLRPEDDEECMRIIEVLKNESFFFIVLNILLGIYVKSGIQPWILSETTHSDCFVGIDVTHNNGDSAFGMLNVIGSHGHLIKQAPICGNIAGEKIEDTLLANLLRNLIRAYHDKFNRLPHHITIHRDGKWREQESLIEKIMAKYMITYDFVEIIKKPNRWMFFYDSDTSTFNTKQGTVYERGNSAFVCTTDPEEKVGMAQPVKIEVVTKTLPISEIVEDVYNLSFLHVHALNKCRLPATIHYADLSALSYQRGQVMPRSGHENNMPF,0.6929348111152649
35,MEAYITEVVSRELADELEIYRFVYPMYQSNDEYRGVYEIMRAWEKANAIPLAYKENTIISFTPVRHMCGYTPQQMRKRHINIDSPFERALLERLIKNSLIYTATRHLDCERIGDALKLNKTEQIRQIVVYKAIEIYVNVIEDRISVGFHLTHSFEYDFTLQDMIEKGLDIRPGMRVIHASGFHHYTYTVQNVADYGVTDRCDILQTSIYQYYIDKGAEHILRTFTRATRVIHVRTKENRLSYAAQLLKPECTMDTLKPQEVLQVNRAIKLSADKRMQSTYKELNQLRAQYRFLDFAPNPFTISHNGYKLEQLSTPKVFFDRDYATVVSGMKSGKLYKGGNIKISILFDLEFYQKHEITQKDVFEFISVLQRIAEAQGVVMTISSASEALDGWFTDTFFEHICEEIEALKPIFAQTTVIAFTTSDHVSEQQDRSYQILKQYFGGKWDISSQVVTERTIEAFMKILKKHGLKNFYPHNEQQTQRVLEVLKNQSFYYQVMNILLGIYVKSGIQPWILANSMHSDCFVGIDISHDNGDSAAGMMQVIGSQGWLINQAPINGILAGERIDNSLLAELLKNLIKAYHDEFQRYPKHITIHRDGFWREETSEIEKIMAKYEITFDIVEIIKKPARRMAFYNTVNNTFSTRQGIIYQRGNEAFLCSTNPQQKVGMAQPIKIRVTTRTLPFDEIVQDVFNLSFLHIHALNKMRLPATIHYADLSATAHQRGQVMPRSGNEDNLPF,0.74048912525177
36,MRAYITETVSRELANEIEIYEYTFPKRESDENNFALKEVMEACQRANDVALAFDKHVIIAFAPVRHMCGHDPKEVRMRKININSPFERALLERLIKNSLIYTGTRYLHAQRVGNDLRLNETEQIKKIVVYRAIELHVEIIENKILIGFHLTHQFKYIFTLLSMIENGQVIRPGMRVVHSEGFNKYVYTVELVASYGVTDRCPLLQTSVYQYYVQKGANHFLRMFTRATRVIFVRTKQQRMSYGASLLKPLCTMETMYPVDVEEVSKFIKLSASERMQETFRHLQHLRAQYRKLTFAPDPFTISQNGYRLQLFSQPKVFFHKDHATIVSGLKSGKLYKGGNIEISLYYDEDYYDKHQITEEDVWEYIAVLQRLSEAQGVNMTVATATKSITGKYTVDFYQHFTEQIEALEPVYAETTVLAIITDTHLSNKKSRSYMILKQWFGGKWDIASQIITEKIIEAFRKLLEKHGLKNIKPDDEEQCLRVIDVLKNESFYYMVMNVMLGVMVKSGIEPWILAESTHSDCGIGIDISHNTGNSSAGLQFVIGTQGALIRRAPLNGNFAGEKIDDTLLSEFLKNMIYAYHTKFDRFPKHITIHRDGFWREHTALVEKIMSHFQINYDIVEIIKKPNRRMAFYNSVCDTFSTRQGTVYQRGDEAYLCSTDPEQKVGMAQPVKIEQVTKTLPFSKIIKDVFDLSHLHIGALNTTRLPATVHFADLSATAYQRGEVLPRSGHETSLPF,0.7133152484893799
37,MEGYITEMVSREKADEIEVYIYVFPKKLSDNNYHGVKEVMLAWQRANDKALAFDQNTVIAFTPVKQKCGYTPQEFEKRHVDIDSPFDRATLERLIENSIIYTAEKHLHCLKVGQSLRLNEVQQKRYIIVFEAVQLHVNVINDRIVVGFHLTHRFNYTFTLQDMIQQGKTIRPGMRVVHSNGWLYYTYTVDNVADFGVTDRCPELQTSIYQYYVDMGAEHILRTFTRSTKVILVRTKENRLAYASSMLKPLCTFETLKPEDVLNVNKCIKLSASERMKSAFKHLQQLRAQYRKMTFAPNPFSIAQNGYRIDELSTPKVHFHWDYATVVSGMKTGRVYYGGDIKISVINDDDFWQKHHITQKDVFQFIATLQRLAVSQGVNLTVSDSIKAHAGRFTDDFYHHFTQEILALQPIFAKTTVIAFITDDHITNEKDRAYQLFKQYWGGHWDITSQIVTEEVIEAFKKLLEKHGLKDFRPQNKEQCHKILTVLKNESFYYTVLNILLGIFVKSGIQPWTLANTTNSDCYIGIDISHEDGDTASGMTNVIGSQGLLIKQAPLSGDISGEKIDDTLLADFLKNLIKAYQTHFHRYPKHVTIHRDGFWREQTALVEKIMAKYQITYDIVEVIKKPNRRAFFYDSVNNTYSTKQGSVYQRGNEAFLCSTNPLEEVGMAQPIKIKVVTRTLPFSQIIEDIFNLSFLHIGSMNTCRLPATVHYADKSATAYNRGQIKPRTGFQTSMPW,0.7024456858634949
38,MKAYITEMVSREKADEQQIYIYTFNYRQSVIEFEGIYQIMRAWQKANALPLAFEDHTIISYSPVRKLCGFTPMNTKRRHINITSPHERALMERLVKNSIIYTAEKHLHCERVGNSLELDQVEQIRQIIIFEAVQIYVNVIQDKINIGFHLTHQFAFIYTLLDWIEQGKTIRPGMRVVVTEGRNHYEYTVENVATYGVTDRNDLLQTSLYQFYVEKGADWILRTFTRATKVVIVRTREQKLCYAATELKPTCTFESMKPNQILEVSRIIKLSADERMKALYRELSQLRAQFKNLTFPPNPFSIAQNGYRLQELAVPKVHFEKDFATVSDGFKSGKLRRGGNIKLSVFYDEDFFNKHEITEEDIFQYIAVLQKLAEAQGVNMTVATSTESVVGFFTVDFYHNFDEQIEALKPIFAKTTVLAFITDTFLSNQKTRSYQQLKQYYGGKWDIASQVVTSRTIESFKKILEKHGLKDYYPQDEEEVLRVIDVLKNESFFYTIFNILLGIYVKSGIQPWRLSNTTNSDCFIGIDVGHQDGNTVAGLTNVIGSQGHLIKRSPVNGDLAGEKIIDTMLADLLRNLIKAFQTEYDEFPKHITIHRDGFWREDVSLIERIMAKYQIDYDVVEIVKKPSRRMAYYNSVTDTYCTRQGIVYERGNSAFLCSTNPEEQVGMAQPIKIHQVTKTLPFSEIIEDIYSLSYLNVHAMNTMRLPATVDYADLSAAAYSRGQIKPRSGNKTNLPF,0.6902173757553101
39,MKAYITEVVARERADELEVWVFVFPKKESNENQEGIYEIMDAWRRANDLPLAYNKNTVIAFSPVKHMCGFTPENHKKREINITSPYERALLERLIRNSLIYTAEKHLDARRVGDSLQLEHIKKIKQVRVYKAIEIHVNIIENKIVIGFFGTHQFEYTYTLQDMIQQGKNIRPGMRVVVSNGRQNYVYTVEDVGDYGATDRCPLLQSSIYDFWVEKGALHILRTFTRSTRVIHVRTKEEKCTYAETLLKPLCTFNTMLPNDVLDVNRAIKLSASKRMKSTWRKIDQLRAMYRYLTFAPNPFTISQNGYKLDTLAMPKVHFERDFATVIAGMKTGRLYKGGNIKVSILYDDDFYDKHQITDKDVFEFVSILQRIANAQGVTLTISTATESFAGFITDQFYEHFTQEIKALHPIFSKTTVLLVITDEHLSNQEDRMFEIVKQYFGGKWDISSQIVTEETIEAFERLLEKHGLEDIRPEDHQMCLKIIEVLKNMSFYYTVMNILLGIYVKSGIQPWILADSTHSDCFIGIDISHNDGDAAVGMSNVVGSQGHLIHDAPLTGILSGEKIDNDLLANLLKNIIRAYHTHHQRFPKHVVIHRDGFWREQESLVQRIMAKYQITYDIVEVIKKPNRKMAFYNSVNNTFSTKQGTVFQKGNSAYLCAIDPLEKVGMAQPIKIEQVTKTLPFSEIIQDVYNLSFLNVMATNQMRLPATVHFADLSATAYQRGQVHPRSGNRTSLPF,0.707880437374115
40,MKGYITEMTSWERAQELEIYMYVFPRKLSDDNEEGVKLIQQAWQRANSQPFAFLEHTIASMTPIRQLVGFNPEEYQKRQINITSPYERALLERLIKNSLIFTAQRHLHARRVGEDLRQNQVKQIRQVIIHEAIQIKVNIIENRISVGFHLDHQFEYTYTLQDMVERGKTIRPGLRVVHSNARFNYTFTTENVATYGVTDRCPLLQTSLYQYFVEKGANHILRTFTRSTRVVIVRTRQQKLCYASQLLRPLCTFVTMMPEYVIEVAKAIKLSASKRMKHLFRLIQELRAQFRELSFASNPFTIAQNGYKIDKLSTPKVHFDRDFATVTAGLRTGKVYHGGNIKISFVYDQSFYEKFNITRKDIYQYISVLQRIAEAQGINLTVSTTTKSLAGYFTVEFYHHLTEEILALKPIFAETTVLAFITATALSNQKTRSYNKVKEYFGGEWDISSQVITTKTILAFLKILKKHGLKNYYPHNEHECLKILDTIKNDSLFYTVMNIYLGIYIKSGIQPWILADSTHSDCFIGIDVEHEDGNSVTGMMQVIGSQGHLIKQSPLNGDIAGEKINDDLMSDTLKNIIRAYHTLFDKFPKHITIHRDGFWREETSLIEKIMAKYHITYDFVEVIKKPDRRMAFHDDVDNTFCTRQGTVYQRGDEAYLCSTDPEYKVGMAQPIKIHLVTETLPLSEIVEDVYDLSFLHIHSLNRTRLPATVHYADLSATAYQRGEVMPRTGHETSLPF,0.7133152484893799
41,MKAYISEMVSREQFNEIQVYIYTFPKKLANLNFQGVKHIMLAWQKANNKPLAYDQHIVMAFSPIKEMVGYTPMQTKKRHINITSPYDRSLLERLIKNSIIFTAQKHLHARQVGKSLRLQEIQQIRRIIIHKAIELRVNIIQNKISVGFHLTHQFEYTFTLQDMIEQGLTIRPGMRVIHSNGQDFYVFTVLSVADYGVNDKCPLLQCSIYQYYVNKGAQHWLRTFTKSTRVIHVRTREQRLCYAATQLRPLCTFETLKPHQVINVSRAIKLSSSKRMKTTYRHLEQLRAQYRYLDFAPEPFTISQNGYKLNQFSQPKVHFHRDYSTIVSGMRSGKVFRGGDIKISVLDDDDWWLKHHITEEDIYQFISVLQRIAVSQGVNMVISTSTKSFAGKFTDDFFHHFTEEIEALHPVYSQTTVIALITTTAITNEKTRAYQRIKQYFGGKFDISMQIITEETIEAFQRLLEKHGLEDYRPEDEEKCLKVIEVLKNESLFYVVVNILLGVYVKGGIEPWILAETTHSDCFIGIDVSHENGDAAAGLMHVIGTQGHLIKQAPLHGIISGEKIDDTLLADLLKDLIKAYFDKFNEFPRHITIHRDGKWREHTSLIEKIMAHHMVTFDIVEIIKNPNRRMAFYNNCDNTWSTRQGVVYQRGNEAFLCATDPLMKVGMAQPIKIKVVTKTLPLSHVIKDVYNLSFLHIHALNRMRLPATIHYADLSATAYRRGEVKPRTGNQTSFPF,0.726902186870575
42,MEAYITEVTARQRADEIEIHLAVFPKKLSDLFYQGVYEVMRAWQKANALPLAFDDHTVMSMAPVRKHCGYTPQEEEKRMINIDSPYERSLLERLIRNSLIYTAERYLNAQRVGQSLMLQQVKQIYRVIVFDAIQIHVEVIKNKINIGFDLTHQFEFVHTIQDMIEQGKVIRPGMRVIHSHGWNHYTYAVEHVATYGVTDRCPLLQTSIYQYFVDKGAQHILRTFTRATKVVIVRTKQQRFSYAASQLRPLCTMDTLFPEDVLHASKAIKLSASKRMKETYRWLQKLRAQFRHITFAPYPFTIAQNGYKVNTLSTPKVHYDRNFATIIEGCKSGKLYRGGDIKISIIFDENFKQKFQITRKDIYAFIAVLQRIAITLGVNMTIGTVTKSIDGKWTSNFYHHITEQVEALEPVYAKTTVLAFITSTHISNKFTRAYHTLKQYYGGKWDIASQVITEKTIEAFKKIKERHGLKNFYPEDEEECFKVIDILKNDSLFYTVMNILLGIYVKSGITPWILAESSHSDCFIGLDISHNNGDSAAGLMNVIGSEGQLIKRAPLNGIIAGEIIDDELLSNLLRNLIKAYHTRYNRYPRHVTIHRDGFWKEQISLIEKIMAKYMVTYDYVEIIKRPNRRMAYYNSVVDTFSSKQGTVYQRGNSAYLCATDPKEKVGMAQPIKIHVVTETLPFSEIIKDVYDLSFLHIHAMNRQRLPATIKYADLSSTAYQRGQVMPRSGHQTNLPF,0.7133152484893799
43,MEGFITELVAREKFNELEIYVMTFPRKQSNLEHHGIYKIMEAWQRANALPLAFEDEIIMAYTPIKFLCGYTPEEYQKKHIDIDSPYERALLEKLIKNSLIYTAQRHLNCERVGEVLRLDEVQQIRRILIYKAIQIHVDILHNRICVGFHLTHQFEFTFTLQDMLEEGRTIRPGMRVILANGWTLYTWTVENVAPYGVTDRCPLLQTSIYQYFVEKGAQWVLRTFTRSTRVIHVRTKQEKLAYAATLLKPLATFNTMMPVEVRDISKCIKMSSSQRMERLYRWLQKLRAEHRYITFAPNPFSISENGYKLNQFAEPRIHFNYDFSTIVAGMKTGKLYYGGNIEISVLFDEDFYKKMEITEHDIFQFVSVLERLATSQGCNLTISTTTKSVTGKFTTDFYFHFTEMINSLQPIFAETTVIAIITSDHISNEKTRAYERIKQYFGGKFDIASQIITQRTVEAYLKILEKHALKDYRPENDKEMLKVLDVLKNQSFFYTVLNILLGIYVKAGIQPWILAQTTHSDCYIGVDVSHNDGNSASGMANVIGSQGHLVHQSPLNGDISGEQIEDVLLAQTLKNMIRAYHTHYDRYPKHVTIHRDGFWREHTSLIEKIMAQYQITYDIVEIVKKPDRLMAFFNSTTNSYSTKQGTVYKKGDSAYLCSTDPHQKIGMAQPIKIEQVTQTLPFSEIIEDVFTLSFLHIHSLNTMRLPATIHYADFSATAYQRGEVHPRTGNQTNLPF,0.6834239363670349
44,MEAYITEVVARERADEIEIHIYKFPYKESTDEYEGIYLVEKAWERANALPLAFDQHTIMAFSPIRQLVGYVPLETKKRHINIDSPYERSLLERLIKNSLVFTAERNLHCRRVGNDLRLNQVKQIQQIIIYKAIQLKVNIIENKISIGFFLTHRLEYKFTLQDMVQQGKVIRPGMRVVVSNGYTHYVWTLENVANYGVTDRCPLLQTSIYQYYVEKGAEHILRTLTRSTKVVVVRTRQKECSYAATTLKPLCTFETMEPNDVLHINKLIKLSASKRMEELYRKLQHLRSQFRYLTFAPNPFTIAQNGYRLDEFAEPKVHYDRDFATIVSGQKTGKLYYGGNIKISIVYDERFFERHEIDNHDIFQFVAILQKISIAQGVNMTISTSSKSIDGKITTNFFFHANQEVKALEPIFSQCTILAFIPSQHLTDKFSRSFQVLKQYFGGKYDISSQVVTERTILAFEKILKKHGLKDYYPEDELHVEKVIDILKNESLYYTVMNILLGIYVKSGVQPWVLANTTHSDCGLGIDVSHNDGDSAVGMMHVIGPQGHLIKQSPILGNVAGEKIDDDLLADLIKNLIKAYKTLFHRFPEHITVHRDGFWREQSALIQKIMAKHKVTYDIVEVIKKPNRRMAFHNSINSTFSTKMGTVYQRGDTAFLCTTNPEQKVGMAQPIKIQQITKTLPLSQVILDVYKLTFLHIHAMNTMRLPATIHYADLSATAFQRGQVMPRTGNRTNLPF,0.7160326242446899
45,MQAYVSELVAYEEANQVQVYVYIYPKEQSNDHFHGVYHIRRAWQRANDNPLAFMQQVIMAFTPIRFLCGYTPEQEKRRHINMDSPYERSLLERLIKNSLIFTAERHLHCLRVGESLKLDQVEQIKYIIIHRAIELRVNIVHDRIVVGYHMTHQFEYIYTLQDMVEQGKTIRSGLRVVHTNGYEYYTYTVEHVADYGVTDRCPLLQTSVYQYWVDKGAETVLRLLTRATRTIHVRTKEEKLSYAATMLKPLCTMDSMKPLEVQDVSRAIKLSSSQRMERTYRQLQHLKAQYRFLTFAPQPFTIAMNGYRLQDLAMPRVHFHYDYDTVVSGMRSGKLYKGGVVKISILFDESFYNKNLITKKDIFQFVAVLQRIAQSQGVNLTVATSTRSVSGKFTDDFFHHLTEEVEALQPIFAETTVLAIITDKHLTNQKTRCFQCLKQLFGGKWDIASQVVTEKTIQSFQKILERHGLKNFKPNDEKECLKVVNVIKNESFYYSLMNILLGIYVKSGIQPWILADSMNSDCFVGIDVGHQDGDSAAGMLNIVGSQGGLIKQAPLNGNISGEKIDSELLANFLKQMIKSYHSKFKRYPKHITIHRDGFWREDVALIQKIMAKYMVTFDIVEIIKKPLRRMAFYNTNTNTWSTKQGSVYKNGNEAYLCATDPEEKVGMAQPIRVHQVTKTLPFSHIIEDIYKLSFLHIHALNRMRLPATIYYADLSATAYQRGEVMPRTGNRTSLPF,0.707880437374115
46,MQAFITEMVARDLANEIEVFIYTFPKRQSNNDHLGIYEVEKAWQRANDQPLAFNQNTVIAFSPVRHTVGYTPEQTEKKHINMDSPYERALLERLIKNSLVFTAKKHLHARRVGDALMLQEVQQIKQVVIHRAVQIQVNIIEDRVAVGYHLTHQFLYTYTLQDMIKEGHTIRPGMRCVHSDGHDHYVWTLENVATYGVTDKCPLLDESIFQYYVNKGAQHILRTLTRATRVIIVRTKEQRLCYAATLLKPLCTFETMKPEDVLNVSRAIKLSSSQRMKESFRILQLLRSQYRDITFAPEPFTIAQNGYRLDQLAMPKVFFERDYATIVAGMRSGKMRRPGNVKISHIFHEDFFLRHQITQKDRYQFISVLKRIAEAQGVNMTISTVTKDVEGKFTSDFFQHLTEEVEALEPIFAKTTCLAFLTSTHISNQETRSFQVLKQEWGGKWDIASQVVTERTILAFKKVLEKHGLKDFKPQDHEECLKVIDVLKNESFYYTVLNILLGIYVKSGIQPWTLANSTHSDCYIGIDVTHENGNSSAGMANVVGPHGHLIKQAPVNGNLAGEKIDDTLLAELLRKLIRSYHSQFDRYPKHITIHRDGKWREEAALVERIMAEYEITYDIIEIIKKPLRRMAFYNSVNDTYSVRQGTIFKKGNEAYLCATNPQQKVGMAQPIKIHLVTKTLPFSDIIQDVYSLSFLEIHAMNKMRLPATIHYADLSAVAYQRGQIKPRSGHQTNLPF,0.729619562625885
47,MQAYITEMTAREKANEIQIYMFVFPRKESDIDYEAVYKVEKAWQRANNQPLAWNQNTIVAFTPIKHMCGYTPLKIEKRHINIDSPYERSLLEKLIKNSIIFTAERHLNAQRVGKALELDRTKQIRRIIVYEAIQIFVNIVEDRISVGFFLTHQFDYIYTLQDMIQQGKTIRPGLRVVHSESYHDYTWTVNYVADYGVTDRIPLLQTSIYQYYCQKGDQWILRTLTRSTRIVHVRSKLQRDSYAATELKPLATFNTMEPTEIENVSKAIKLSASKRMKELYRWIQQLRAQFRFLTFAPNPFTISENGFKFMQLATPKVHFDRNFSTVIAGMKAGRLYYGGNVKISIIYNQDYKLRHHITDKDIWTYIAVLQRLAVLQGVNMTVGDTTESIDGEFTVLFYHHLDEEILALQPIFAQTTVIAFIGSTHISNKHTRSFLRLKQIFGGKWDIASQVITTKTIDSFEKILFRHGLKNYRPNDDQHVHKVIDVLKDQSFYYTVLNVLLGVYVKSGIQPWILAESTHSDCYVGIDISHENGNSAAGMMNVRGSQGHLINQSPLNGEIPGEKVIDTLLANFLKNFIKAFFDKYQEFPQHITIHRDGFFKENTSLVKKIMSFYHITYDLVEVIKKPNRRMAFYNTDTNTYSSRRGSVYRRGDDAYLCATNPKEKVGMAQPIKIKQVTKTLPFSHIVQDVYDLSFLHVHSMNKMRLPATIHYADLSATAFQRGQVLPRSGHQTNMPF,0.707880437374115
48,MKAYVTEMVSRERAHEIQVHVYVFPMKQSDDTHLGIFKVMKALQRANSEPLAHNNNTIIAFSPVKHLCGFEPLEFQRRYIDITSPYDKALMQRLIKNSLVYTAQRHLQAERVGKDLRCDHVQQIRQIVIHEAIEIKVNVVENRIVVGYHLTHTFAFVFTLQSEILKGKTIRPGLRVVHSNGRNFRTYTVENVANYGVTDRDPLLETSVYQYYVEKGAQWVLRTFTRATRVVHVRSKQERLAYASTLLKPLCTFETMKPDEILDVSRCIKLSASKRMQNLYRILQQLRAQFRHLTFAPEPFTISQNGYRLEQLSEPKVFFNRDYATILSGLKTGKVYKGGNIMISILFDEDFYKKEQITDKDVFQFIAVLQRIAEAQGVNMTISTATKDYNGKYTSDFYYHFTEEIEALQPIFAENTVLAFIPSDHIDNQKDRAYEIIKEYFGGEYDIASQIVTEKTIQAFEKLLEKHSLKNFRPNDHQQCQKVIEVIKNQAFYYTVLNVLLGIYVKSGLQPWILAETLHSDCFVGLDVSHEDGNSSSGMTNVINSQGHLIHQAPLDGIIAGEKIDDTLLTNLCKNFIKAYKDQFQRYPQHITIHRDGFWREQVTLIERIMSHYEITFDLVEITKEPNRKMAFHNPVNNTYSSKQGVVYQRGNEAWLCSTNPQKKTGMALPIKIEQVTQTKPFSEIIKDVYDLSYLHVHAMNKMRLPATIHYADLSADAHQRGEIQPRSGNKTNMPF,0.70652174949646
49,MKSYVTEMVAREKADEIEIYVYVYPKKISVDTFEGIHEVMNAWQKANSTPLAFNQHTIIAFAPIKKLCGYVPLEIKQRHINMDSPFERSLLERLIKNSLVYTAERHLHAQRCGHSLRLNQIQQIYRIIVFEAIEINVNIVENKISVGFHLTHQLDFIFTLLSMIEKGQVVRPGMRVVYSNGKEKYTFSVEKVATYGTTDRCPLLQQSLYQYYINKGAEWILRTFTRATKVVHVRTRQNRNAYASTLLKPVATFETMKPEDVLDIDREIKLSASDRMKETFRELQHVRAQFRHLTFAPNPFSITQNGYRLDLLSTPKIHFQRDFATVVSGLKSGKLRKGGNIKISIIFDNDLFLRFQITLKDIFQFIAVLKKLANSQGVNMTISDATKSITGKFTLDFFHHFTEQIKALEPTFAQTTVIAFVTSTHISDEKDRAFQILKQYFGGKFDIASQVITQRTIEAFKKILEEHALKNFRPEDEKECQKVIDILKNNSFFYTIMNILLGVYVKAGVQPWVLAESTHSDCFIGIDISHENGDSAAGMMNVIGSQGDLVQQAPVNGDLAGEKINDDLLAQTLKELVKAYHTDYKQYPKHVTIHRDGFWREDTSLIDKICAKYMISFDLIEIIKKPNHRMAFHNSVNSVYSTKQGLVYEKGNTAYLCSINPDEKVGMAQPIKIQQVTKTLPFSEIIKDVYSLSFLNIHALNKMRLPATIKFADLSSTAFQRGQVMPRTGNQTALPF,0.6942934989929199
50,MKAYVSRMVSRELADELQIYILVFPRKESNNEFEGVYEVRRAWQRANAIPLAHDQETVIAFSPVRHMCGFTPKEVKRRHVNINSPFERALLERLIENSLIFVAERHCHALRVGNALRLDQTQEIKRIIIHEAIRVQVNIIQDKITVGFHLTHQFQFIYTLQDYVEQGKTIRPGQRVVHSFAELHYTYTLEHVATYGVTERCPLLQCSVFQYYVDKGAEHILRTLSKATKIVHVRTKEQRHTYAATQLKPLSTFETMLPHEVLNVSKIIKLSSSKRMKELYRQLQQLRAQYRHLTFAPNPFTIAQNGYKLDQLSTPKIHMDREFATVMAGMKNGKFYYGGNVKQSVIYDEDFRNRYNITEKDIHEFIAVLQKIAIAQGVNLSISTATKSYDGKFTIDFFRHFTEEIEALEPLFAHTTVLAFITATAINNQKLRSYQVIKQLYGGKWDIASQVITNKTIQAFLKIKHKHGLKNYKPEDEQENQKVIQTLKNESFFYTVMNILLGVYVKSGLQPWILAETTNSDCYIGIDISHENGDTAAGMMNVVGSQGVMISQAPLNGDLAGEKINDTLLAEFLKNLIKAFHVEYKRYPKHVVVHRDGFWREEVALVEKIMSHFEIDYDIVEVIKKPNRKMAFYDAVNNTYSTRQGVIYRKGNSAYVCTTNPQEKVGMAQPIKVRVITRTQPFSQVIEDVYDLSFLHIHATNKLRLPATIHYADKSADAFQRGQVMARSGNQTNTPF,0.7160326242446899
51,MEAYITEMQTRNKANEIEVYKLVFPKRLSNEEYEAIYHIRRAWKRANDTALAHEQNTVMAFSPIRQLAGYNPEEVEKRHINITSPYEKALLERLVRNSIIFTAEQHLHCQRVGKDLRLDEIEQIYRINIYDAIEVYVNIIQNRICVGFNLTHQFEYIYTLQDMVEQGKTIRPGLRVVHSNGRTKYTYSLENVATFGITDRCPLLQTSIYQYWVEKGANHILRLFTRATRVVIVRTKEERLCYAATLLRPLCTFESMKPDDVEDINKAIKLSASKRMKQTFRTLEELRAQYRYLTFAPNPFTIAQNGYRLDQLSEPKVFFDRDFATVISGMKTGKAYRGGDIEISLVHDEDFYKKHKITERDIHQFVSVLQKISVSQGVNMTIGTSTKALTGKFTDDFYQHFDEEIQALEPIFAQNTVIAFITGQHISNQKVRAYHIIKQLFGGKWDIASQIITDKTIESFKKILFKHGLKNLRPEDELQILKVLDVLKNESFFYTVLNILLGIYVKSGIEPWILANSTHNDCFIGIDVSHEDGTSAVGMMNVIGTQGNLIKKSPLDGNLAGDKIEDTLLAELLRQLIKAYHDEYDRFPKHIIIHRDGFWREQVALVDKIMSKHMITFDIVEIIKKPSRRMAYYNSVDNTYYTRQGTIYQRGNTAYLCSINPQKKVGMAQPIKIEQVTHTKPFSEVIEDVFKLSFLHIHSLNKMRLPATIHWADLSASAYQRGQVQPRTGNKTNLPF,0.7214673757553101
52,MEARVTELTAREKADEIKVYLYIFPRKLSNNIYESVLLTMRACIKANSEPLAFEQHIIMSYSPVRELCGYTAQQIEKRQINIDSPYERALMERLIKNSLVWCAEKHLHAERVGKALRLNEHRQIKQIVIYKSVQLYVNIVENRINVGFHLNHTFEYTYTLQDMIENGKTIWPGMRVVYSNGRNNRTYSLETVASYGVTSRCPLLQVSVWQYWVEKGEQWILRLFTRATRVILVRTRMQRLSYAATLLKPLCTFETMKPIDVEDVSRLIKLSSSERMETAYKWLQHIRAQFRKLTFAPKPFTISQNGYRIDELACPKVYFDRDFATVVAAMKTGKVYYGGNVEISVLFDESLYERHLISDKVIYLFVAVLQRIAVALGVNLTVATATKAYDGKFTDDFFFHFTEEIEALEPIFAETTVLAFITSTHLTNKKDRSYEILKQYFGGKFDISSQLVTEKTIQAFEKIMEKHGLKNFYPDNEEECLKVIDVLKNDSFYYIIMNILLGIYVKSGIEPWILANSLHSDCFIGIDVTHEDGNSSAGLMNIIGSQGFLIKQTPVYGNLAGEKVNDTLLAEELKNLIKAYHDQFNEYPEHITIHRDGFYREQIALIEKIMAKYEITYDIVEVIKKPLHRMAFYNSVDSTWCTKQGTVYRRGNSAYMITTDPEERVGMALPIRIHQVTETLPMGHVIQDVFNLSFLHIHAMNKMRLPSTIHYSDLSSTAYQRGEVNPRTGYQTNLPF,0.6942934989929199
53,MEAYITEVTARERADEIEVWVYTFPKYQSTEDYLGVHFVMEAMTRANSLPLAYDQQTVMSFSPIKHMCGYTPLETQKRHIDMDSPTERALLQRLIKNSLIYTAQRYLHSQRVGNSLRLPKVQQVRRIIIFEAIEIYVNIIENRISVGFHLTHSFQFTFTLMAMVENGQQIRPGMRVVHANAYNDFVYTVDNVADYGVTDRCPLLKTSIYQYYVEKGADYILRTFTRATKVIHVRTKEQRLSYAASTLKPTCTMETMKPDDVILASKCIKLSASKRMELLYRLLQHLRSQFRHLTFAPNPFTIEQNGYKLDKLSTPKVHYNRDFATIVSGMRTGKVYRGGTVKISVLFDEDLYERHRITDEDVYCFVAVLQYVAISQGVNMTISTSTQAIAGKFTNDFFFHFVQEVKALHPTFAKTTVLLIITSTSKSNKQTREYQRIKEYFGGKWDISSQVITEKTILAFKFILEKHGLENFRPDNHELCLRVIDVLKNSSFYYTVMNILLGIYVKSGVQPWVLAESTNSDCFIGIDVSHNDGNSAVGMTNVIGSQGHLIKRAPVAGDIAGEKIDDTLLADTLKNIIRAYHTHFEQFPKHITIHRDGFWREQIALIDKICSFYKVTFDIVEIIKKPNRRMAFFNNTDDSFSTQQGQVFQRGNEAFLCTTNPLEKVGMAQPIKIEQITQTLPFSHIIQDVYCLSYLHIHAMNTMRLPATIHYAHLSSTAYQRGQVLPRSGNQTNLPF,0.7323369979858398
54,MESYISEVTAREFFNEIQVYKYVFPRFNSDNKYEGVYHIMKAWQRANSIPLAFKDQTVMAFSPVKQECGWTPQRTQRRKININSPYERALLERLIENSIIYTAQRFLQAERIGDSLRLNRVQQIRQIVIHEAIELYVKIVENRISVGFNLTHQFEYTYSLQDMIEQGQTIRPGMRVIHSNGYNYYVFTLENVADYGVTDRDPLLQTSVYQYYVDKGAQYILRTFTRATRIVHVRTKLQRLSYASTTLKPTCTFETLRPTQVLDVNRAIKLSASERMKLLFRHLQQLRAQYRFLDFAPEPFTISENGYKLDQLAIPKVFFHRDFSTVVSGMKTGRVYKGGNIKVALFYDENFKLKHHITRHIIFQYIAVLKRVAVAQGVNVSISTSTESVDGKFTDDFFEHLDEKIEALYPIFAHHTVLAFICSEALSNKKDRSYMRLKNYFGGKFDIASQVVTDRVIEAFQRVLLKHGLKNLKPDDKEHCLKVIEVIKNQSFFYTLLNILLGVYVKSGIQPWILAESLHSDCYVGIDVAENDGDTSSGMMNVIGSQGHLVLQSPLNGIIAGEIIEDTLLSEFLKQRIKAYHTKFDKYPKHITIHRDGFWRELVSIIKRIMSKYHITYDIVEVIKKCNLRMAFYDTDNDTFSVRQGIVYQQGNSAYVCSINPKEKVGMAQPIKIQQVTRCLPFSDIIKDVYNLSFLHVHAMNSMRLPATIHYSDLSSTAYQRGQVHPRTGNQTSLPF,0.69972825050354
55,MEAYVTETVSRERADEVEVYLLVFPKRLSDINYEGVYEIMKAWQRADSIPLAYKQNVVCAFVPVKKMCGYVPLEVQKRKINIDSPYERALLERLIENSLVFTAQKHLNAEKVGKDLRLQQVEQIQQVIIYKAIRVYVHVLHNRICIGFHLTHQFEYIYTLLDMIQQGETIRPGMRVVHSNGWHHYTYTVENVADYGVTDKCPLLQTSIYEYYVNKGANHILRTFTRATRVVHVRTKEQRMAYAATTLKPLCTFQTLKPEEVENISKLIKLSSSERMKLTYRLLQNLRAQYRYLTFAPNPFSIARNGYKLREFSTPKVYFDRDFSTVISGMKSGKAYKGGNIKVSIIYDEDLFEFHQITEEDVFQYIAVLERISISQGVNMTISTSIKSLVGHITDDFWFHITQEIIALKPLFSEHTVLALISSEHISNKKTRSYNTLKQYFGGKWDISSQIVTEETIEAFEKVKHKHGLKNFRPLDEEQCHRVIDVLKNEPFYYTIMNILLGIYVKSGIQPWILANSTHSDCYVGIDITHENGDTAAGLMFVIGSQGVLLKQSPLAGNIAGEKIDATLIANLLKDLIYSYQTKYDKFPKHITIHRDGYWREQISLIEKIMSKFQITYDIVEVIKKPNRRMAFYDTDNDTYSTKQGTVYQRGNSAYVCSTDPQKKVGMAQPIKIEQVTKTLPFSQIVEDVFKLSHLNIHALNKQRLPATIKFADLSAVAYQRGQVKPRSGNETNVPF,0.7119565606117249
56,MKAYITEMVSRERADQIEIYLYVFPKYNSNNNYEGTKEVMHGLQRANDKPLAYKENTIMAFSPIRHYCGYTPEQTEKKHINITSPYERALFERLIKNSLIFTAERHLHCKRVGEDLKLQEIQQIKQIIVYEAIQLYVNVIKDRVSIGYQLTHQFEFTFTLQDMIEQGKEIRPGMRVVHSSAREHYTYSLDFVATYGVSDRCSLLQQSIYQYYIEKGAEWILRTLTRATKVIHVRTKFEEMSYASTLLKPLCTFETMEPNYVLNVSKSIKLSASERSNTLHRLISKLRAQYRFITFAPNPFTIAQNGYKLKLLSWPRVHFHRDSSTVVDGMQDGKMYFGGNVKVSLLFDESFKDKEKITQEDVYQFVAVLQRLAIAQGVTMTVGTTTESLNGKFTIDGYQNFTEEVEALEPVFAETTVLAILTDTHLSNEKSRSYNTIKEYFGGKWDIASQVVTEETIESFQKILEKHGLENLRPNDEEHCEKVIEVLKNESFFYSVLNILLGIYVKSGIQPWILANSTHSDCFIGIDVSHDDGNSSAGMMNVIGSKGHMVKEAPLDGDLSGEQIDDVLLSNLLKNMIYAYHDKFKRFPKHITIHRDGFYREDTALVYKICSFYQITFDIVEIIKKPNRRMAFYDDTSNTFSTKQGIVYQKGNTAFLCATNPEQRVGMAQPIKIHQITKTLPFSQIIKDVFNLSFLHIHALNQMRLPATINYADLSATAYQRGQVMPRTGNQNSLPF,0.72826087474823
57,MEAYISEAVSRERANEIQIYVYTFPRKHSNLHWKSIYHVKDGWQRANAQALAYDEHTVLAFSPIRKMCGYTPQEIKKRHINFDSPKDRSLLERLIENSIIWTAERHLQAERVGNALKLDETQQIRQVIIYRAVELNVNVVHDKICVGYHLTHQFEYTFTLQAMVQEGKTIRPGMRVVLSNGFQHYTYTIENVATYGVTDRCPLLQTSVFQYYVEKGAQFILRKLTRATRVIHVRTKEQKLAFPSTTLKPLCTWQTLKPQDVLEASKAIKLSASQRMKNLYRWLQHLRSQYRHVTFAPQPFTIAENGYKIDELATPRIFFDRDYATIVSGLKNGKVYKGGDVQISLIFDQDLFDKHHITEEDIYNYVAVLQRIAVSQGVNLTVSTSFESADGKITTDFFNHYVEQIHALHPIFAQTTVVAWITATHVTNEKTRAYEILKQYFGGKWDIASQVVTDKTVLAFKKILEKHGLEDYYPENEKHCLKVIDILKNESFYYTILNILLGIYVKSGIQPWILANTTNSDCGIGLDVTHEDGDSAGGLMHVIGSQGHLISQAPLNGILSGEKIDATLLANLIKDIIYAYHSQFNNFPKHITIHRDGFWKEDTVLIQKIMAKYQISYDIVEIVKKPNRRMAFYDSTDSVFSTKQGVVYQKGNSAWLCSVDPLKKVGMAQPIKIHQVTETLPLSHIIQDIYFLSFLHIHALNKVRLPATIHFADLSSTAYSRGEVKPRSGNKTCLPF,0.7024456858634949
58,MQAYITEVTAKEKANKIQVFIYTFPRKQSENVHEGIYHVMKAWQKANSLPLAFNQHTIVAFTPIRHKVGYTPEQMKKRQVNINSPYERALLERLIKNSIVYTAQRHLQCEQVGNSLKLDEIHQIRRIIIHEAIEIKVNIIHDRISVGFHLTHELLFTYTLLSMLNQGEVIRPGMRVVHSNGWEHYTYTVENVADYGVNDRCPLLKTSIFQYFVVKGAQHILRSFTRATRIVHVRSKLEKLAYAATLLKPLCTFQTMKPQDVLCCSREIKLSASQRMKTTFRWLQQLRAEYRQLTFAPNPFTIAQNGYRLDQLAHPKVHFDRDYATIVSGVKTGKLYKGGTIRISYLYDDDLYTKMNITRFDIYNFIAVLQRISEAQGINMTIATSTEDVEGHFTADFYEDLTQEVEALEPIYAHNTVFAFLTDSHISNHKTRSFQRLKQYLGGKWDIASQIVTERTIEAFKKVLEKHGMKDFRPDNEEQCEKIIISIKDESFFYTVCNILLGIYVKSGIQPWILADSSHSDAFVGIDVSKDDGDTGAGLCNVIGSQGHLIMQAPLHGDLSGEKINDSLLADFLEQLIKAYHTKFKRFPKHITIHRDGFWRENVSLIERIMAKYQITYDFVEVIKKPDRRAAFYNDTDDTYSTKQGVVYEKGNSAYLCSTNPNEKVGMAQPIRIQQVTKVLPFSEIVEDVYDLSYLNINATNKMRLPATIHYADLSSTAYQRGQVHPRSGNENNLPF,0.686141312122345
59,MKAYVTELVARERADEIQVYVYVFPRRESDDNYDGVHKIMRGWQRANDLPLAYLQHTILAFSPVKFLCGYTPEEVERRHINIDSPYERSTLERLIKNSLLYTSQKNLHAQRVGKALRLQQVQQIYEIIIYKAIELHVNVIENRITVGFHLTHQFEYTHTLQDMIEQGETIRPGIRVVHTNGRQDYTYTLESVASYGVDDRCPLLQTSIRQYYVQKGAQWILRTFTRATRVVIVRTKKKKKSYASTLLKPECTMQTMKPEDVELVSKAIKLSADERMKEQYKILCKVKSQYRYMTFAPEPFTIAQNGYKLDQLSQPKIFFDYDFATRVAGMKDGKLYKGGDIKIAIIYDLDFYEKFHITQEDIWQFIAVLQRIAESQGVNMTISDTTKALAGKFTEDFFHHFTEEIKALQPVYAQTTILAFITSTHISNQESRAYHSINQYFGGKWDISSQVITQQTIEAFQKLLHKHGLKDFYPEDEEQCLKIITVLKNTAFFYTIFNILLGIMVKSGIQPWILANTTHSDCFVGIDNSHDDGNSSAGMTNVIGSKGHLIKQLPINGILAGEKIDDDLLAELLKEMIRAYFTHFKRYPKHITVHRDGFWREDTALIEKIMSKFHVTFDIVEITKKCFRRMAFYNSDSSTFSTKQGTVYERGNTAYLCSTEPLEKVGMAQPIKIQQITRTQPFSEVIKDVYNLSFLHIHAMNKMRMPATIHFADESSTAYQRGQVMPRTGYRTNLPF,0.7228261232376099
60,MRCYITEIVAREKANELEVFVYVFPRRQSNNDNQGVRHVRRAWQRANSQALADNEHTVMAFTPVRHFCGYVPKEVEKRHINITSPFERALLERLIKNSIIYTASRHLHCKRIGRALMQQKVQQIEEIIIHEAIQLYVNIIKNKISVGFHLTHHFDYTHTLQDMIEQGQTIRPGMRVVISDSEHHWTWTVDNVADYGVTDRCPLLQESIYQYYVDKGAEWILRTLTRATRVVHVRSRQEKLSYAGTLLKPLATFETMKPIDVLDVSKAIKLSASERMNNMYKQLQHIKAQYRFLTFASEPFTINQNGYRIDTLSMPKVHFDRDYSTVLSGMKSGKFYRGGNIKVSVIFDEDFYEKHQITEKDVFNYIAILQRISISQGVNVTVSTSTESVAGYFTIDFYEHIDEQIQSLEPIFAHTTVLAFITDTHLSDKRSRAFNSIKQYWGGKWDIASQVVTSKVILAFERILEKHGLFNYRPENEKHVLKVIEVLKDESFFYIILNILLGIYVKSGIQPWVLANDLNSDCHVGIDVSHENGNSAGGMCNVIGNQGHLIKQAPVTGILAGEKIDDDLFANLLKNLIYAYHTQYKRFPEHVTIHRDGFWREELALIEKIMAHFELTFDIVEIVKKPNKKMAFYNTVTSSFSTRQGTVYRRGDEAYVCSIDPHEKVGMAQPIKIHQVTKTLPFSHIIQDVYTLSFLNVHAMNKMRLPATIHFADLSATAHQRGQIMPRSGNQTNLPF,0.70652174949646
61,MKAYITETTARSKANEIEVYIYVFPKRLTVHDDEGVFEVQRANQKANAEPLAYNRHTILAFSPIKFKCGYTAQEIERKHINIDSPFERSIMQRLIKNSLIFTAERFLHAERLGKSLRLNQTEQIRKIIVYESVELYVVVNENKISIGFNLTHQLEYSYTLQDMIEQGETIRPGMRVVVSNGFDHYTYTVENVADYGVHDRCPLLQTSIYQFYQEKGAQHILRKFSKATRVVHVRTKKQRLCYAAALLRPECTFDTLKPDEVINASKAIKLSSSQKMETLFRVLQELRAQFKHLTFAPNPFTIAQNGYKIEEFSTPKVFFEKDFATVVSGAESGKLYKGGNIRISIIDDENWKQRFRISEKDIYQYVAVLQKISIAQGINLTVSDATEAADGKITVDFFHHFTQEVEALQPLFAQNTVLAVITSEHLSDEKDRAYQTIKNYYGGKFDISSQVVTQRTIEAFKKILERHGLKNFRPEDEEECKKILEILKNMALFYTVLNILLGVYVKSGVEPWILAETLHSDCFIGIDTSHKDGDSAVGMMNVIGTHGHLIKQAPLNGIFAGEKIDSILLADFIKNLIKAYHDKYDLYPMHITIHRDGFWREQTALVEKIMAFYHITYDIVEVVKQPNRRAAYHNTDDDTFSTRQGTVYEKGNEAYVCATNPEKEVGMAEPVKIHLITKTLPLDEIVQDVYNLSFLHVNGLNKMRLPATIHYADLSATAYQRGEIMPRSGNQTSTPW,0.67798912525177
62,MEAYITEMVSRELANQIEIYILVFPKKQSVIDFHEVKHIMRAWQRANALALAYNQDTVMAFSPVRHMCGFTPMQIKRRHINIDSPFERSLLERLIKNSIIYSAERNLDCERIGRSLRLEQVRQIRKIIIYEAIEIKVNVIHNRITIGFHLTHQLEYTFTLQDMIQQGKDVRPGMRVVYANGRHNYTYTVDEVADYGVTDRCPLWETSLYQYYVQKGAQHILRLLTRATRVVFVRTKEKRHTYPATLLKPTCTFDTMKPHDVIDVSRCIRLSASERMKLLYRWIQELRAQYRHLTYAPNPFTIEENGYKLDELSQPKVHFDRDFATIVSAADTGRLYKGGDIKISIVYDEDFWEREEITLKDVYQFVAILEKLAIAQGVVLTVGDATKTVTGKFTVEFFHHLTEEIEALQPIFAQTTVIVFITGDHVTDKQVRSFQTLKQYFGGKFDISKQVVTEEEILSFRKILHKHGLKNFRPYDHQECLRVIEVLKNESFYYDIMNILLGIYVKSGVQPWVLAETTNSDCFIGIDVSHRNGDSVGGMTNVVGPQGSLIKQSPLSGNIAGEKIDDSLLSNLLEDLIKAYHTKFQEFPKHITIHRDGFWREHVSLYDKIMAMYHLSYDFVEIIKKPNRRSALYDSTTDSWSTKQGIVYQKGNQALVCTTNPLEKVGMAQPIKIEQVTKTLPFSDVVQDIYKLSFLHIHAMNKMKLPATIHYADLSATAHQRGQVMPRSGFETNLPF,0.7119565606117249
63,MKAYVTEVTSRERADEVQIYLYVFPKKISNEQFFGVYEVMRAYRRANNEALAYNQQTIVAFSPVRFMCGFTPQETQKRHININSPYDKALLEKLIENSIVFVAERHLEMQQVGQSLKLNKTKQIRKVIIHRAIEIHVNILHNRICIGYHLTHQFEFTYTLQDMIEQGLVIRPGMRVVYSSGFDDYTFTVENVATYGVTDRCPLLQTSVYQYYVVKGAEHILRTFTRSTRVVHVRTKEEKLSYADTLLKPNSTFDTMKPDEIISISKIIKLSASKRMKSMFRKLQQIRAQFRYITFAPHPFTIAQNGYKLETLATPKVHFDRDYATRIAGMKSGKLYRGGNIKVSVLYDQNLYEKHQITEHDIFSFIAVLQRISVAQGVNMTVSVTTKSIEGKITSDFYEHLDEQFQALKPIYAENTVLAIITSTHISNKFSRSYHILKQYFGGKWDISSQIVTHKIIDAFKKILEKHGLKDVRPYDHMECLKVIDILKNQSLYYTVLNILLGVYVKSGIQPWILAENMNSDCYIGIDVSHENGDSAAGLTNVIGTQGHLIKKSPVAGNIAGEQINDTLLADMLKDMVKAFHTMYKRYPKHVTIHRDGKWREELSLIDKIMSKHEITFDIIEIVKKPNRRMAFYNSVDNTFNTRQGTVYKKGNTAFVCTTNPEMEVGMAQPIKIHLVTRTLPFSHIVKDIYDLSFLHVHAINKMRLPATIHYADLAATAYQRGEVKPRSGNKTNLPF,0.698369562625885
64,MKAYITETVARERANEIEVFVYVFPMRLSNNDFKGVYQVKRAWRKANSKPLAYNQHTIMAFSPIKHMCGYVPMEVKRRFINVDSPFERSLLERLIKNSLVYTAKRHLQAQRVGKALRLDKVQQLKQVLIYQAIELKVDIIQNRINIGFHLTHQFEFTFTLHDMIQQGETIRPGMRVVHSNGWDEYTYTVENVGDYGVTDRCPLLQTSIYDYFVEKGAEHILRTFTRATKCVYVRTKQQRLAYAATLLKPECTFQTLMPDQVEEVSKLIKLSSSQRMEHTYRWFTKLRAEYRYLTFAPEPFTIAENGYKVDQFSQPKVHYERDFATVVSAFKTGKLFKGGNIKISYYFDEDFWQRHQISEKDVYQFVSVLERIAVSQGVNMTISDVTKAVDGHFTDDFYQHMTEEVEALQPIFSETTVIAFIPETHVSNQKSRAYHTLKEFFGGKFDIASQVVTDKTIEAFQKILKRHGLKDYRPEDQKHVLKVIDIIKNQSFYYTVMNILLGIYVKSGIQPWVLADPMHSDCFIGIDVSHFDGDSAAGFTNVIGSQGHLVKQAPIVGILAGEKIEDDLLAELLKTLIKAFHTEFQQYPKHITVHRDGHWRELVALIDKIMAKYKITYDLVEIIKKPNHRMAFYNSITNTYSTKQGTVFRRGNEAYLCATDPEQKVGMAQPVKIEQVTQTLPLSQIIEDVYNLSFLNIHALNLMRLPATIHFADLSSTAYKRGQVKPRSGFKTNAPF,0.71875
65,MECYITEMTSREHANQITVYMYVYPRKQSNDNFEAVYLVMLAWRRANNLPLAFKQDTIMSFSPVRHLCGYTPKQIRRRHINMTSPYDRALLEKLIKNSIIFTATRDLQCLRVGQDLRLDKTKQIRHVLVHEAIRIYVNVIEDKISIGFHLTHQLEFTYTLQAMIEKGKTIRPGLRVVHSNGWDNYTYTLLDVATYGVTDRCPLLLVSIYQYYEEKGAQWILRTFTRATRVVHVRTKHERNCFPATLLKPDCTFQTMHPEEVLEVSRVIKLSSSERMEETYRWLEELRAQYRNITFAPNPFVIAQNGYRLETLSTPKVHFQRDFATVVAGLKTGRVYKGGNIEISIIYDEDFKKKYQISDEDIYNFIAVLQRIAESLGVIMTVSTAFESFEGHFTTDFFKQFTEQIEALEPIYSNTTVLAFMTSTALSNQEVRSYLSLKQYFGGKWDISSQVVTEETIEAFQKILEKHGLKDFKPENEEECQRVLDTLKNQSLYYTIMNVLLGIYVKSGIQPWILAQTAYSDCYVGLDTSHENGNTAIGMMHVIGSQGALIHQAPLNGEGAGEKIDNTLLANLIKQLIKAYHDQYKQYPKHVTIHRDGFWREHAALIQKICSKYEITYDIVEIIKKPHHRMAFYDSTTDTYHTKQGTVYQKGNSAYLCATNPEHQVGMAQPIKIEQITKCQPFSEIVEDIFELSFLNIHALNTMRLPATIHYADLSATAYSRGQVLPRTGNQTALPF,0.698369562625885
66,MEAYVTEIVTRELADEIQIFVYVFPRKETDLNYKGIYLKMDGWQRANDQPLAFKEHTIMSFTPIKFWCGYTPEQTEKRHINIDSPYDRALLERLIKNSIVYTAERHLEAEQVGKDLRLLQVQQIKQVIVHKAIEVHVNIIENKISIGFHLQHQFDFVYTLQDMIEQGKTIRPGLRVIDSNGWQNYVYTLENVGTYGVTDRCPLLQTSIFQYYVNKGAQHVLRTLTRATRVVLVRSKEQKLVYASTLLKPLCTFETMLPDDVKNVNKLIKLSASEKMQELFRILQEVRAQFRHITFAPNPFTIAQNGYKLDQLAFPKIHFDRDYATVVAGLKTGKVYKGGDVEISLVDDDNFYQKHEITEKDVFQFIAVLQRIAEAQGVNMTVGDSTKSIDGKFTDDFFHNWTEHVMALQPTFAQTTICAFITATHLTDEHTRSYHRLKQYFGGKWDIASQVVTERTIVAFEKLLEKHGLKDIRPDDEEECQKVIDVLKNESFFYTVMNILLGIYVKSGIQPWILANTTHSDCYIGIDVSHEDGNTAAGMMFVIGTQGELIKQAPVSGNLSGEIINDDLIANTLENFIKAYHTQFDQFPKHITIHRDGFWREHSALVERIMAKYQISYDLVEIVKKPNLLMAYYDPTTSCYSTRQGLVYYNGNEAYLCSTNPEEEVGMAQPVKLQQVTQTLPLSQIVKDIFNLSHLHIHALNKLRLPATIHFADLSSTAYSRGQVKARSGFETNLPW,0.70923912525177
67,MKCYITEMVSREKANEIQIYELVYPRKISNDDYQGVYHTERAWKRANDIPLADDEQTIMAFSPVKFLCGYTPQEMKKRQIDIDSPYERSLLERLIKNSLVYTAERHLHAHKVGKSLRLNEVQQIREVVIYRAIEIYVNVIENKIAIGFHLTHNFEYTYTLLTMIENGKVIRPGMRVVVDDGRNDYTWTLVNVADYGVTDRCPLLQTSIYDYFVDKGAQFVLRTFTRATRVIHVRSKEQRKSYAATLLRPLCTFETMKPDEVKHTNKAIKLSSSKRMKALFRLLQKLRAQFRDLTFAPNPFTIAQNGYKLNCLSEPKVHFDRDFATVTSGLETGKVYKGGDIEVSIIYDDEYWNKHEITEKDIYQFIAVLQRISEAQGVNMTVSTTIESIDGKIDSDFYQNFDEEVNALEPIYAQTTVIAIINAEHLSDEETRAYNRLKQFFGGEWDIASQIVTTKTIEAFQKILHKHGLMNFRPNNEQECLKIIDVLKNCSFYYTICNILLGVYVKSGIQPWILANTLHSDCGIGIDISHENGDSASGLMNVIGSQGHLLKQAPISGLLAGEKINDVLLADTIKNLIKAYHDYFHEYPKHVTIHRDGFWREQTSLIQKIMSHYQIVYDIVEVVKKPNRRMAFWNTVTATFYTKEGTVYQRGNEAFVCATDPKQKVGMAQPIKIQLVTKTLPMSQIVEDVYNLSFLHVHATNTMRLPATVHFADLSATAYQRGQVNPRTGFQNSLPW,0.7146739363670349
68,MKAYITELVSRERADEIMVYIYVYPRREANNNYRSVYEQKEAWQRANDIPLAYDDSTIMSFSPIRHLCGYTPKENERRHVNIDSPYERALLEKLIKNSLIWVAERHLHAERVGKALKLNKIQQIREIIVHEAIRIYVNIVHDKINIGFHLKHQFEFTWTLLDMIEHGYTIRPGMRVVHDEGWDDYVWSVDNVASYGVTDRCALLKTSIYQYYIEKGADYILRTFTRATKVVHVRTKMEKLTYAATLLKPEMTFDTLEPEYVDDVSRAIKLSASQKMDAMWRYLQQLRAHFKLVDYPPKPFTFAENGYKINTLSQPKVHFHRDFATVVEGLKSGRVYKGGNIKVAILFDQDFYDRHNITDKTIYQYIAILQRLSISQGCNLTISTSTESVSGEFTSTFFRHFDEEIEALEPIYAQTTVLAFITATHVTTKKTRGELRIKQYFGGKWDIASQVVTERTIEAFQKILEKHGLKDFYPEDKEEVLKVIDIIKNDSYYYTILNIYLGVYVKSGVQPWILADTMNSDCYVGIDVSHHNGDSAAGMMNVIGSQGHLIKQAPLNGDLAGEKIHDTMLADMLKNIIRAFHTRYNRYPKHITIHRDGFWRENIALVNRIMSFYHITFDVVEIIKRPDRRMAFYNSTTDTFYTKQGVVYRRGNTAYLITTDPEEKVGMAQPIRIKQVTKTLPFSQVIEDVYNLSFLHIHSMNKMRLPATIHFADLSSTAYQRGQVKPRSGNKTNVPF,0.6875
69,MEAYITELVSREKANDIEVYIYTFPKKISDQEHEGIYLVMEAWHRANSLPLAFNNHTIVAFSPVRELCGYEPEQMERRKINIDSPFERALLERLIKNSLIHTAEKHLQCQKIGQSLKLDEVEQIRRIIVFKAVEIYVRIIRDRIAVGFHLTHRFNYIYTLQDMIEEGQTVRPGMRVVHSNGFNKYTYTVDNVADFGATDRVPLLQTSVYQYWVEKGAQHFLRSFTRSTRVIHVRTREQRNSYASTLLKPLATFDTMYPTNVEHVSRSIKLSASERSKHLYRELEHLRAEYRHLDFASNPFTIAKNGYRLDELSTPRIFFDRDYATVVSGMKTGKLWKGGNIEISVVYDQEFKQKHNITEKDIYQFIAILQKIAISQGVNMTVSTSTEAISGKWTLDFYFHLTEEIEALEPVYAHTTVVAYVTSTFKSNKYTRAYETLKQLFGGKWDIASQVVTERIIQAFLKIAEKHGLKNIYPHDQEHCHKVIEVLKDESFYYTVMNILLGIYVKSGIQPWILAESTHSDCFIGIDVSHENGDSAAGMMNVIGSQGHIIRQSPVSGEISGEKVDNSLLADMLKQMIKAYHTKYKRYPKHITIHRDGFWKENTNLIKKIMAKYQITYDIVEIVKKPNRRAAFYNSTTNSFSTKEGLVFKRGNTAFICSIDPEQKVGMALPVKIKQVTETNPYSQIIQDVYSFSFLHIHALNKMRLPATIHYADLAATAYQRGQVKPRSGNQTSLPF,0.70923912525177
70,MEAYVSEVVARQEADEIEVYVYVFPRMESDNDYKGIYQIRRAWQKANNQPLAHDQNVIMAFTPIRKHVGFTPKEVEKRHVDMNSPYEKALLERLIKNSIVYTAERHLHALRVGNDLQLNETQQIRRIVVYEAIQLYVNVIQDRIVIGFHLTHQFEYDYTLQDMIQKGKTIRPGMRVIHSNGQDLYTYSVENVADYGVTDRCSLLQTSLYQYFVEKGALWILRTLTRSTRVVHVRSRQERLCYASTLLKPLCTFETLKPEDVQNISRCIKLSSSLRMKNLYKWLQLVRAEFRNVTFAPHPLTISQNGYKLDLLSSPKVFFDRDYATVTSGLKTGKLYKGGNVEISIFFDENLWLKHQITDRDVYQFIAVLKRISVAQGVNMTVDTAYKSVDGKFTDDFHQHFTEEIEALQPLYSQTTVLAIITSTHISNQKDRSFQVLKQYFGGKWDVASQVVTEKTIMAFERILQKHGLKNFRPHDEQQCHKIIDALKNDSLFYDVMNILLGIYVKSGIEPWILAESMHSDCFIGIDISHWDGDSSAGMCNVVGPQGHLIEQSPINGIFAGEKIDSTLLANMLKKRIKAYHTKFNRFPKHITIHRDGFWREQVSLIQKIMAKHQITYDVVEIIKKPNRKMAFYNSTDDTFSTKQGTVYERGDEAYLCATDPLEKTGMAQPVKIQQVTKTLPFSHIIQDVYNLSFLHIHALNKTRLPATVHYADDSATAYQRGQIMSRGGNKTHLPY,0.710597813129425
71,MKAYVSEVTSREQFDELEVYRYTYPKKHSVEDQQGVYLIRQAWQRANALPFAFNDHTIMAMSPVRHKCGYTPMQIKKRHININSPFERALFERLIRNSLIFTAEENLQAQKVGEDLQKNEIQQIRRVVIHKAIELYVNVIQDKICIGFHLTHQFEYIYTLDDMILQGETVRPGMRVIHSNGRNFYVYSLEQVASYGVTDRCPLLKTSLYQYFVEKGANWILRVFTRATRVVEVRTKEQRHSYASQLLKPDATMETMKPHNIEDVNKLIKLSASERMKNAFKHLQNLRAQFRHLTYAPNPFTIGQNGYRLNTMSTPKVFFNRDYATVVSGAKTGKLYRGGNVKISIIFDEDFKDKHQITEHDIYTYIAVIKRICISQGVNLTIADEFKSIAGQITLDFYMHLTEQIEALKPVFAQTTLLAFITNTHIDNEHDRAFHVLKQYFGGKWDIASQVVTTKVILAFQKIAKKHGLKDYYPEDEEECLRIINALKNESLFFTILNVLLGIYVKAGIQPWILAETTHSDCFIGIDVSHENGDSVSGMMFVVGPQGHLIKTAPLNGIIAGEKIDNLLLANLLKNLIYAYHSQFNRFPEHVTIHRDGFWREDSALLERIMSHYQITYDIIEIIKRPNRKMAFYNNDDDTYYTRQGTVYQRGNEAYLCATDPDQKVGMAQPIKIHQITKTLPLSDIIQDVYDLSFLHIHAMNKMRLPSTIHYADLSSTAFQRGQVQPRSGHQTNLPY,0.7010869979858398
72,MKAYVTRMVAREHFDEIEVYLMVFPRKEADNEHKGVYQVKDAWQRANAQPLAYDQHSIMAFSPLRHLCGYTPMEIEKRHININSPLERALLERLIENSIIYVAERNLHCQKVGYSLRLNEVQQIKRIIIHEAIEVYVEIIENRIVVGFHLTHTFDYTFTLQDMVNQGQTIRPGMRVIHANGKHHYTYAVVNVASYGVTDRCSLLQQSIRQYYVEKGELWILRTFTRATRVIHVRTKQKRLSYAATQLRPTCTWETMKPVDVLSINKLIKLSSSERAKHMYRLLQKVRAQFKKVSFSSNPFTIAMNGYKLDELSTPKVFFHRDFATVVSGMKTGKVYKGGDIKVSIIFDKDFFNRFEITLRDIFQFVAVLERIATSQGVDVTVDDATKSVTGYFTDDFFHHWTEQVQALQPLFAKTTVLAFITSDNVNNKKDRTFQILKQYFGGKWDIASQVVTEKTILSFKKVLERHGLKDIYPEDHQQCQRVITILKNQSLYYQVLNIMLGIWVKSGIQPWVLAETMHSDAFIGIDTSHDNGNSAGGMMNVIGTQGHLIQQVPVAGIIAGEKIDDTLLANFLKNIIRAFHTQFQKFPKHITIHRDGFYREESALVQKIMSKHQITYDIVEVIKNPNRRMAFFNSTTNSFSTKKGSVYKKGNEAYLCSTDPEEKVGMAQPIKIEQVTETLPISQIIEDVYNLSFLHIHAMNKCRLPATVHHADHSATAYQRGEVMPRSGNKHNLPW,0.70652174949646
73,MEFYITEMTARSRANEIQVYRFVFPKKETDLDHEGVLEIMRAWQRANSIPLAYQQDTVIAFSPVKQWCGFTPENIEKRHINIDSPFERALLEKLIKNSLIYTAERHLHCQRVGWELQLHEVQKIREIIIHKAVELYVNIIQNRICIGFHLQHSFEFTYTLQDMIEQGKDVRPGIRVVHSNGWNNYVWTIDNVATYGVTDRCPLLKESVYQYYVNKGANHILRTFTRATKVVIVRTKQEKHTYAATLLKPECTFETLKPQTVEDINRLIKLSASQRMNELYRLLQQLRAQYKYVTFAAQPFTISQNGFKLDLFATPKVHFERDFSTIVEGMETGRLYKGGNVKVSLIYDDTFRQKHNISEEDVFQYISVLQRISISQGVNMTVSTSTKAIAGKFTVDFFFHLCQHIEALEPVYAKTTVVAFITPTHISNEHIRAFQELKQYFGGKWDIASQVITSETVEAFRKILQKHGLKDYRPQNEEEVNKVIDVIKNQSLFYTILNILLGILVKSGIEPWILAEETNSDCFVGIDISHEDGNSAAGMMNVVGPQGQLIHQAPLDGILAGDIIDDDLLSDYLKQLIRVYHDQFNQYPRHITIHRDGYWREETALVRKIMAKYQIVYDIVELIKRPNRRMAFYNSVTSTFSTKQGTIFKRGNTAFLVSVNPQQKVGMAQPIKIHQVTKTLPFADIIQDAFNLSFLHIHGLNKMRLPATIHYADLSATAYQRGQVLPYTGFQNNLPF,0.6834239363670349
74,MIGWITRAVTRERANEIQIYLYVFPKRLSDLNYQGVHEIKEAWQRANDKPLANDDHTIISFSPVKHMCGYTPEEVQKRKVNINSPYERALLQKLIHNSIIFTAVKHLHAERIGHSLRLDKVQQIRRIVSYKAIRIYVHIIHNKIVIGFNLTHKLEYTYTLMDMILEGKTVRPGMRVILDYGRNKYTWSLDEVADYGVTDRNPLLQTSVYQYHQEKGANYILRTLTRSTRVVFVRSKEKRHAYADTLLKPECTFQTMYPDDVENVSRCIKLSASQKMRSLFRLLQKLRAQYRYLTFAPNPFVISENGYKIEQLAMPKVYFHRDHATVVSGVKTGKLYRGGNIKVSVIFNEDFKEYHKISLKTVYMFIAVLQRISVSQGVNLTVSTSFQVHSGKITDDFYNHLTEEIEALQPIYAETTCIAFMTSTAISNKKARAYQILKQYFGGKWDIASQVITEEIIESFQKICEKHGLENFKPNDQQEVLRVIDILENQSLYYTVMNILLGIYVKSGIQPWILANSMNSDAFIGVDVDHNNGNSSGGMCNVVGSQGHLLKQAPIAGIIAGEKIDDTLLAEMLKNIIKAYQDEFDRFPKHITIHRDGFWREQVALIDYICAKHHITYDFVEIIKKPNRRMAFYNTVTNTYSTKQGTVYERGDEAYVCSTNPEKKVGMALPIKIHQITETLPFSHIVQDVYKLSFLHIHALNKMRLPATIHYAHKSATAYQRGQVLPRSGFQTSLPF,0.6902173757553101
75,MEAWISELTAREKANEIEVYVYVFNKYHSDENFEGVFEVMEANEKANAQPLAHNEQTIVSFSPIRHMCGYNPEEYQKRHINMDSPYDKALLERLIKNSLVYIATRHLQAIKVGEALRLDKVQQIREIIIHEAIELHVQIIHNRISIGFFLTHRFQFIYTLLDMIEKGKVIWPGMRVVLSNGQEFYTWTVDDVASYGVTDRCPLLQSSIYQYFVQKGAEHILRTFTRATRVIHVRTKFQRLSYASTLLKPLATFETMMPDDVIEVSKNIKLSASERMKCAYKLLTLVRAQFRDVTFAPNPFTISQNGYKLNQFSTPRVHFHRDYATVVAALLTGKLYKGGNIRISLIYHEDLREKHHITQRDVFNFVAVLQRIAVSQGVDMTVSDTTKSIEGEFTSDFFHQYTEQIQALQPIFAQTTVLAVISSCFITNEKTRSYQVIKQYLGGKWDIASQVITERTILAFEKILKKHGLKDIRPQDQEENLRILTVIKNQSFYYTVMNILLGIYVKAGIQPWILSNTAHSDCYVGIDISHEDGNSAAGMMNVIGSQGHLILQAPLVGIFSGEKIDDTLLAELLKDTIRAYQDKFEQFPRHITIHRDGFWRELLALIEKICAEYEITYDIVEIIKKPNRKMAFYNTTVSSFSTRQGTVYQKGNESYLCAVNPQERVGMAQPVKIQQTTKTRPFSDIIQDVYKLSFLNIHALNLMRLPATIHYADLSATAYQRGEILPRTGNQNNLPF,0.710597813129425
76,MEMYVSEITSREKADQIEVYVYVFPRKESDNEYLGVFQVQKACQRANSVAFAYKNNVVMSFSPVRHMCGYTPMEVRKRKINTNSPYERATLQKLIKNSIIWVAERNLHAHRVGKSLRLDRVQQIEEVIIHKSVEIYVNVIKNKICVGFHLTHQFDYTYTLLDMVEQGEVIRPGMRVVHSDSQEHYTYTVDHVATYGVSDRCPLLQQSVYQYFQEKGAKWILRTFSRATKVVIVRTKEEKLAYAGSLLRPLCTFETMKPHDVLDVNKSIKLSASKRMRKLFRWLQQLRAQFRELTFAPEPFTIEWNGFKLHLLSSPKVHFHRNYATIISGAKNGKVFKGGSIKISVIYDEEFRDRHQITRKIVYNFIAVLQRIAESQGVNMTVATTIKSFAGKITDDFFHELNQEIKALEPIFAQTTVLAFMTSTHVSDEESRNWHILKQYFGGRWDIASQMITTKTIQSFQKILEKHGLKNFRPDDEMECLKVITVVKNESFFYEVMNILLGIYVKSGIQPWILANNSHSDCFVGIDVSHENGNVAAGLMNVIGSQGHLIKQAPLHGNLAGEKIDDDLLANLLKELIKAYHTKYKKYPKHVTIHRDGFWKEHLVLIEKIMAKHKITYDIVEIIKKCNLKMALYNSDNSTFSTKQGIIYRKGNEAYICTTDPQQKVGMAQPIRIKQVTKTLPFEDIVEDLLDMSFLHIGAMNTMRLPATIHYADLSSTAYQKGQVMPRTGNKNNLPF,0.6902173757553101
77,MQAYVTEMTSRERANELEVYAYVYPQRESDLPFEGVYEIMKAWRRANSVPLAYDNNTIMSFSPVKHLCGYVPLQVQRRHINMDSPYERALLQRLIKNSLIYTAQRYLHALKVGQALKLQEIEQIKKVIIYEAVRIYVNIIHNRICIGFHLTHKLEYTYTLQSMIEEGRTIRPGMKVVVGEGWHDYTYTVEHVADYGVTDRCPLLQTSIYEYYVEKGADHILRTFTRATKVIIVRTREERFSYASTLLKPLCTFQTMKPNDVQNISRCIKLSATQRMKLTYRHLQQLRAQYRYLTFAPNPFTIAQNGYKLNLLSTPKVLFHRNYATVVSGLKTGKVYRGGNIKISIIFDDDFYNKHEISDKDIFQFVAVHQRISLALGVNMTISDATEAAGGRYTADFYFHYNEEIHALQPVYSQTTVLAFIPTQHLSNKFSKDYNTLKQYFGGHFDISSQIITEREFQAFKKIKEKHGLKNFYPEDEEHCLRVITILKNDSFYYIIMNILLGIYVKAGIQPWILAEDLNSDCFIGFDTSHFNGDSAAGLLNVIGSQGDLIRQSPIYGIVSGEKIDDTLLAELIEKMIRAYHTQYNQFPMHITIHRDGFWREHTSLVDYIMAKFEVTYDIVEVVKKPNRLMAFYNSVDHTYSTRRGTVFKRGDEAYLCTTDPDEKVGMAQPVKIHQVTQTLPFTHIIEDIYDLSFLHIAAMNKMRLPATIHYADLSSTAYKRGEVMPRTGNKTSMPF,0.7119565606117249
78,MQAYVTETTAREKFNEIQIWILVFPKKHSDFPFMGIFLIMRAWQRANSMPLAYEQTTIMAFTPIRQLVGYTPEQHEKRHINIDSPYERALLEYLIKNSLVYTAQKHLHARRVGDSLKYNKVQQIRFIIIYEAIEIYVKIIEDKICVGFHLTHKFEFTYTLQDMVEQGLTIRPGMRVVDADGKDEYTYTLDWVADYGVEDRCPLLKTSVYQYFVQKGAQHVLRTFTRATRVVHVRSKLQRHSYAATELKPECTFVTYQPEDVLTISKVVKLSASQRMKSLFKSIQHVRAEYRHLDFAPNPFSIAQNGYKFEELAHPKVHFNRDYATTLSGLKSGKLYRGGNIKVSLIFDIDYYEKHQITDEDVYQFVSILQKIAIAQGVNMTVSTATQSVVGFFTANFFHHFDEEVEALEPIFAQTTILAFIPSSHLSDKQTRAWQIVKQYFGGKFDIASQVVTDKTIEAFQKIMEKYGLQSFYPDNEEQNQRIIDVLKNESFYYTILNILLGIYVKSGIQPWILAESTHSDCFVGIDVAHEDGNSAAGMMNVIGSQGYLLRQSPVNGVISGEKINSTLLANTLKDLIKAYHTQYKEFPKHITIHRDGFWREQVALIEKIMSKYEITYDIVEIVKKPLHRMAFYNSTTATYYTRQGTVYQNGNEAFLITTNPNEKVGMAQPVRIELVTETMPFGEIIEDVYKLSFLHIHSLNTLRLPATIHFADLSATAYQKGEIMPRTGNKNNLPY,0.69701087474823
79,MKNFVTEMVARERADELEVWIFVYTRRESDEVFLAVYHIMLAWQKANNQPLAYNQHTIMAYSPVKHMCGFTPKQVQKRHVNINSPYERALLEKLIKNSLVYTAQRYLNMRQVGESLRTDEVKKIRHIVIYQAIRIFVNIIRNRISVGFHLTHQFHFSYTLQDLVEQGETIRPGLRVVHSEGYNDYTYTVEHVATYGVNDKCSLLQTSIYNYYEEKGAEHILRVFTRATRIIIVRTKEKRLSFASSLLKPLCSFETMKPEDVRDVSKSIKLSASKRMQALFRELQQLRSQFRHLTFAPQPFTIGYLGYRIEQLSTPKVHFDREYSTVVAGAHNGKLYKGGDIEISIIWHEELYQKHHISEKDVYQFVSVLQRISESQGVNLTVSTSTKSVEGYFTDDFWFHWTQEIEALEPIFAHCTVLAFIPSTHVSNKKTRSWQILKQYFGGKWDISSQIVTERTIESFRKILEKHGLKNIWPDNEEQCLKVITVLKNQSLYYTVLNILLGVYVKSGIQPWVLAESTNSDCFVGLDVSHENGESAGGMSNVIGSQGHLIKQTPLYGILAGEKIDDVLIANMLKNLIKAYHTEFKRYPKHVTIHRDGYWREHTALIDKICAHYQITYDIVEIIKRPNRRMAYYDTTNNTFSNKQGTVYERGNSAFLCATDPEEKVGMAQPIKIHQVTKTLPLSEIVEDVYRLSFLEVHALNKMRLPATLHYADFSSTAYSRGQIHPRSGNETNLPF,0.7024456858634949
80,MKAYITETTAREKANEIEIYIYVFPKMESDDWFHAVYHIKRAWKRANNTALAFKENTIVAFSPIKHMAGYTPQETEKRQVDIDSPYEKALLERLLKNSLIYVATRHLNAQRIGKALQLQQVMQIKRIVIYEAIRLRVNIIEDRISIGFHLTHRFEYIYTLQDMVEEGETIRPGMRVIHSDGFNNYTWTVLHVDTYGVTDKCPLLQTSVYQYFVNKGANHVLRTFTRATRVIHVRTEQKKHSYASELLKPLCTMDTMKPHDVLEINRAIKLSASQRMKALYRWLEQLRSQYRHLTFAPNPFTYAQNGYKLNEFSFPRVHFDKDYATVINGMKSGRLYRGGNIKVSVIFDQNFKEKYMITQHDIYQFIAVLQRIALSLGIDLTISVSTKSLVGHFTDDFFHHFTEEIEALQPIFAQTTCLAFIPDDHISNKKTRSFQSLKQYFGGKWDISSQIVTERTIESFQKILEKHGLKDIRPDDEKQCLKVIDVLKNDSFYYTIMNILLGIYVKSGIEPWILANEMHSDCYIGIDIAHKDGDSAAGMMNVIGSQGQMILQAPAHGILAGEKIDDDTLANLLKNLIKAYHTEYNRYPKHITIHRDGFWREHVALIEKIMAEYQITFDIVEVVKKPNRRMAFFDTVSSTFATRQGTVYENGDEAYLCATNPQQKVGMAQPIKIEQVTKTLPLSEIIEDVYDLAFLHIGSMNKTRLPATIHYADLSATAYQRGQVQPWTGNEDALPF,0.7160326242446899
81,MQGYITELTARERANEIEVYIYVYPKRESEQLYQGIELIMNSWQKANNIPLAYKQSIVMAFSPCKQLCGYCPQEIQKREINMDSPYERALLERLIENSLVYTATQHLEAERVGKALRKNKIKQIRQIVIYKSIELRVNIIQNKIVIGFNLTHSFEYIHTLQSMVENGKTIRPGMRVIHSNGWDEYTYVLDDVASYGVTDKCPLLETSVYQYYVEKGAEHVLRTFTRSTRVVIVRTKQQKMSYASTMLKPLASFESMQPIDVHNVSKMIKLSADKRMQDLYRLLQHLRSQYRELDFAPDPFTISHNGYRIDTMAEPKVHFDRDYSTIVAAAKSGKVYKGGNIKVSFLYDEEYYERHMISDEDVYKYVAVLRRIAIALGVLMTVSSVTESVDGKFTINFYHHMTEEIEALEPVFAETTVLAFLTPTHISNKQTRSYERLKQYFGGRWDISSQVVTERTILAFEKILEKHGLKDFRPNDEKEIYKIIDILKDQSLYYIIMNILLGILVKSGVQPWILSDPMHSDCFIGIDVSHENGDSGAGMCHVIGTQGHLIHQAPINGNLSGEKIDDTLLANCLKNMIKAYHDQFNRYPRHITIHRDGFWREHVSLIERIMAKYQITFDIVEIVKKPNHRMAFYNTETSSFHTKQGTVFKRGNSAYLCSTDPHKKVGMAQPIKIEVVTETLPISQIIEDVYSLSFLEIHAMNKMRLPATVHYADLSATAFQRGQVMPRTGYQTNLPF,0.679347813129425
82,MKAYITEIVSRERANEIQIWILTFPKKLSDLNYQGVYFIMEAWRRANAIPLAFDQQIIIAFSPIRKMCGYNPQQTRKRHVNIDSPFDRALLERLIKNSLIYTAQRHLHARKIGEALRMNEVIKIRQIIIYKAIQIYVKIVHNRIDVGFHLTHQYEYTWTLQDLVLQGKTIRPGMRVTLGNGYDQYTWTLEEVANYGVTDRCSLMQTSIYQYYQERGAEHILRTFTRSTRVVYVRTKQQRMCYASSLLKPECTMDSMHPEDVLLVNRSIKLSASKRMKLLFRELQQLRAQYRHITFPPNPFTIAHNGYRIDTFSMPKVYMHRNYSTVVAALKTGKVYKGGNVEVSIVHDEDLYERHQITDKDIFSYIAILQKIAEAQGVIMTISSATQSVAGEFTDDFFHHFDQEIEALQPIFAQTTVLAFITDEHISNEKSRDFQTIKQYFGGKWDIASQIVTEKTIESFKKILEHYGLKNFRPENELHCEKVLDTLKNSSFFYTIMNILLGIYVKSGIQPWILANTTNSDCFIGIDIAHENGNSAAGMTHVIGSQGYLIDQAPLHGDLSGEKIDDTLLSEFLKNLIFAYHSKWNRYPEHVTIHRDGFWREQIALLEKIMAKFKIDFSLVEIIKEPNRKSAFFNTTTSTFSTKQGTVYKKGNEAYLCSTDPQKKVGMALPIRIFQVTHTLPISEIIEDVYNLSFLHIHATNKMRLPATIHFADKSSTAYQRGQIKPRSGNKTNLPF,0.6942934989929199
83,MQAWITRLVAKERANQVRVYVYVFPKKQSNEDYQGVHNIMKAWQRANSLPLAHDDNIIMSFTPVRHLCGYTPEETEQRHINIESPFERALLERLIRNSIIYTAQRLLNAHRIGKSLRLDLTQKIREVVVYRAIEIFVQVIQDRINIGFHLTHQFEYTFTLQDMVEQGKTIWPGMRVIDSNGRTHYVWSVEEVATYGVTDRCPLLETSIYQYYIDKGAQYILRTFSRATRVVLVRSKMERLCYAATMLKPLCTFDSMQPHDVQHISRLIKLSSSEKMKELFRLIQQLRAQYRELTFPPNPFTISENGYRLEQLSEPKVYFQRNFATVVSGMKTGKLYKGGNIKISVIYNDNFWNHYHITEKDVYQFIAVLQRIADAQGVNMTVDSSTESLDGHFTDDFYHHITEEIEALHPMFAKCTILLFVTSEHLTTEQDRSYQRVKQYFGGKFDIASQVVTTKVIEAFRKILEKHGLENFYPEDEQECEKVINVVKNQSLYYTVLNILLGIYVKAGCQPWILAESTHSDCHIGIDVGHNNGNASSGMLHVIGTQGNLIKSAPLSGEIAGNKIDDVLLANWLQNCIKAYQTQFHQYPKHIIIHRDGFWREQTALVEKIMAHHQVTYDIVEVIKKPNRRMAFYNSVDATFATKQGTVYKRGNEAYLCSIDPQQKVGMAIPIKVEQVTKTLPFSDIIEDIYKLSFLNIHALNKMRLPATIYYADLSSTAHKRGQIQPRSGNETCLPF,0.698369562625885
84,MEAYITETTARELFDEVQVYKFVFPRRQSTNDNLGVYHVEKAWNKANDQPLAFEEQTIIAFTPVRQMCGYTPLQHRKKQVNVNSPYEKALLERLIKNSLIYTALRHLQAQKIGEELRLNEVEQIREIIIFEAIELYVNIIQNRICIGFHLTHRLEYTFTLQALIERGKTIRPGLRVVHSSGFTYYTYSVENVATYGVTDKCPLLETSIYQYYVEKGSDHILRTFTRATRVVHVRTREERLSYASTLLKPLCTMETMEPEEVIDVSKCIKLSASKRMKLTFRWLQQLRSQYKHLDFAANPMTIGQNGYKLDQLSMPKVFFDYDYATVVSGMKTGKLYRGGNVKISILYDEEFFNRHNITRYDIYQFVAVLQRIATSQGVNWTTSDATEAFIGEFSTDFFTHFTEEVKALEPVFAKCTVIAFITGTHISNQRSREFQIIKQFFGGKWDIASQVITERTIEAFEKILEKHGLMDIKPEDEEQVKKVIDILKNQSFYYTVMNILLGIYVKAGIQPWVLAETTNSDCFVGIDVSHMNGDAGSGMMNVIGSQGHFIHRAPLHGEISGEIIDDVLLADTLKNVIRAYHVKYDREPKHVTIHRDGKWREQMALVEKICAQYEITFNIVEIVKKPNHRMAYYNSVNDCYSTKQGIVYKRGDEAYLCATNPEKRVGMAVPIKVQQVTKTLPFSEIVKDVYCLSFLHIHSLNTMRLPATIHYADKSATAYMRGQVNPRSGNHTNVPF,0.69701087474823
85,MEAYITEMVSREKANQIQVYVYVFPRKNSDNLNQSVYKIMQAWQKANSQPLAYNQHIICAFTPVRKMCGYTPLEVEKRHINIDSPFERALMERLIKNSLVFTAERFLHAERVGEALKLDEVKQIERIIVYEAIRIYVNVIENRICIGFHLTHQFEYDYTLQDMIENGQVIRPGMRVVHSNGWHHYTLTVMNVATFGVTDRCPLLQSSVYQYWCDKGAQHILRLFSRATRVVHVRSKENRLSYAATLLKPEATFETMKPDDVKDSSKAIKLSADYRSKKLFRHLTQLRAQFRQLTFAPNPFTISKNGYKLDELAMPKVHFDKNYSTVLAGMKSGKLYKGGNIKISILFDENFFERFEITEKDIYNFVAILRKISVNQGVNMTVGSATQSIAGFFTDDFYNHFSEEIEALQPIFAQTTVLAIITCTHISNQETRSYHIIKQYFGGKWDIASQVVTTKTIMSFMKLLKKHGLKDFRPDDELECKKVIDVLKNQSFFFVVLNIMLGIYVKSGIQPWVLSESLHSDCYIGVDVSHQDGNSSSGMINVIGPQGHLVLQAPLNGNLSGEKINDTLLANLIKHLIYAYETKYKRLPKHVTIHRDGLWREHVALVEKIMSFYQIVYDIIEIIKKCNRRAAFWNSTDSTFSTRQGTIFRRGNEAYLCATDPQEKVGMAQPIKIKQVTQTQPLSHVIQDCYDLSFLHIHALNQMRLPATIHYADLSSTAYRRGEVKPRSGNQTNLPF,0.7228261232376099
86,MEAKVTESVSRDRADEIHVYELTFPRFIADDIFEGIKLIEEAWQRANSTPLAYDKNTIMAFSPIKHLCGFVAKQTRKRFININSSYERALLERLIKQSLIFVANKHLNARRVGHDLKLNKVEQLRRVVVYKSIEIFVQVIENRISVGFHLTHQFRYIYTLLSMVEQGKTIRPGMRVVHDNAWENYTYTLEFVATYGVTDRCPLLETSIFQYYVKKGSQYILRTLTRATKVINVRSKEQKCSFASSLLKPLATFETMLPDDVDDVSRLIKLSASQKMDSLHRWLSHLKAQYRFLTFAPESFSYAQNGYKLDEFSTPKVHFHRSFATIVSGAQTGKLYRGGDIKISILYDEDFFTRHQITKKDFFQFISVLQRLAISLGVNMTISTSTKSIAGQFTTEFFENLTEEIKALHPIYARTTVLAIITSTHITDKKARSFQIIKQYFGGKWDIASQIVTERTIQAFEKLLHKHGLEDFRPNNEFQMLRIIDVLKDESFYFTIMNILLGMYVKSGIQPWILADPTHSDCYIGIDVSHEDGNSAAGMLNVIGSQGNLIKQSPVSGIISGEKIDSTLLANFLKLMIKAYHTRFEQYPKHITIHRDGKWRSLTSLVEKIMAFHQVSYDLVEIIKHPNRRMAFYNSETNSFSTRKGTVYRNGNTAYLIATDPQEKVGMAQPIKIEQTTQTKPFSHVIQDVYDLSFLHIQALNRQRLPATIHYADLSSTAYQRGQVMPRSGYKTSLPF,0.6929348111152649
87,MEAYITELVSRERFDEIEVYEFVFPKYLSNEEELGVYHIMRAWKRANDIPLAYDQHTIMAFSPIKHMVGYTPLETKKRHINIVSPYERALCERLIKNSLIYTAQRHLHAHRVGRSLRLNETQKIRQVIIHEAIEIYVNVIHNKIVVGFHLNHNYHYVYTLLSLIEQGKTIRPGMRVIDSDGWLNYTYTLNNVATYGVTDKDPLLQCSVYQYFVEKGEQYILRTLTRATRVINVRTKQERLSYASSLLKPECTFDTMFPDDVKNVNKCIKLSSSERMNQLYRHLQQVRAQFRFLDFAPEPFTIAQNGYKLDTLSHPKVHFDRNFATKVSGMKSGKLYKGGNVKISIIYDEDFFEKHQITDQDIYTFIAVLQKIAVSQGVNSTVGTSYESVDGFFTDLFYDHINREIDALEPIFAHNTVLAFITDTHLSNEKTRSFESLKQYFGGKWDISSQIITEETIEAFLKILEKHGLKDFYPNNEEQCLKIIDTLKNESLYYDIMNILLGIYVKSGIEPWVLADSTNSDCFIGIDISHENGNSAAGMLFVIGSQGHLIKQSPVNGNWAGEKIDDSLLSNTLKQMIKAYHTRFQKFPKHVTIHRDGFWRENVSLVEKIMAQYQVTFDIVEIIKKPNRRMAFYNSVDNSWSTRQGTVYQQGNTAFLNSTNPKEKVGMAQPVKIKQVTQTLPLSHIVEDIFTLSFLHIHAINLCRLPATIHFADLSSTAFQRGQIKPRTGFMTNLPF,0.72826087474823
88,MEAYITEMVARERADEIQIFVYVYPRRESDEDFEGIHHVQRAWQRANAEPLAHNEHTILSMSPIRHTCGYTPQQVQKRHIDMDSPFERALLEKLIKNSLVYVAERNLQAERVGFTLRLNEIQQIKRIVVYQAIQVYVNVIENRICIGFHLTHQFEYVYTLQDWINQGKVVRPGMRVVHSNGWNRYTYTVVCVADYGVTDKNPLLLSSLYEYYVKKGADHILRTLTRATRVVHVRTKKQRLAYAAELLKPECTMETMEPEAVRDVSKCIKLSASKRMKCMYRHLDKLRAQFRYLTFAPNPFTISENGYRLNELSEPKVFFDYDYATVLAGMKSGKLYKGGNVKISYIYDEDFELRHNISDRDIFQFIAIFQKISEKQGCNLTIDTSIESVSGKFTDEFFMHFTQEIEALEPVFAETTVIAFITEEQLSNEKNRSYQQLKQYFGGKFNISSQIVTDKTINAFKKILKRHGLKNFRPENEEECHKVIEVLKNQSAYYTVLNILLGIYVKSGIQPWILADTAHSDCFIGVDVGHENGNSAAGMMHVIGSQGNLIKQAPLIGELSGEKINDTLLAELLKNMIRAYHTKFKKMPKHITIHRDGKWREQSVLVERIMAKHKISYDIVEICKKPLRRMAFYDNTVDSYSTRQGTVWERGNEAWLCSTDPEKQVGMAQPIKIHQVTETLPFSDIIEDIYDLSYLHVHAMNKMRLPATIHYADLSATAYQRGQVMPRTGFETNLPF,0.70652174949646
89,MEARISETVSRQKANQIEVYLMVFPYKLSNNDYHAVFLIMRALQRANDIPLADDSNTVMAMTPVRHWAGYTPMNTEKRHINITSPFDRALAERLIKNSLIFTAQRHLQCERIGQSLRLEEHKQIRWIIIYEAIRIYVNIIEDKIAIGFNLTHRFYYIFTLQDMIEKGQTIRPGMRVIVSNGWDNYTFTCENVADYGVTDRCPLLQCSVYQYFVDKGAEHVLRTFTRSTRIIIVRTRQQRLSYASSLLKPTATYETLKPDDVLNISKAIKLSSSKRMNTLHRWLCQVRAQYRYLTFAPNPFTISQNGYRLNQLSVPKIHFHRDYATVVSGMKSGKLYKGGNIKISIVYDEDFYERHHITLKDIFQYVAVLQRIATMLGVNLTVSTSTQSFAGYFTSDFYHHFNEEILALEPIFAQTTVLAFITSDHLTDQFSRSFQTLKQYFGGKWDIASQVITEKTVLAFLKILKKHGLKNYRPEDKQECLRVINVLKNQAFYYTVLNILLGVYVKSGIQPWILADTTHSDCFIGIDTSHEDGNSAAGMMNVVGSQGHLLKQAPIHGIIAGEKIDDTLLANLLENMIKAYHTQFKRFPKHITIHRDGFWREETTLIERICAKFQVTFDIIEIIKKNQRRMAFYDTCDDTFSFRQGTVFRRGNSAYLCTTDPQKKVGMAQPVKIHQVTQTKPLSEVIKDVYNLSFLHVHSLNTMRLPATIHYADLSSTAYRRGQVLPRSGNKTNLPY,0.7241848111152649
90,MESYVSEMVARERADELEIYEYVFPRKISDLPYEGIYLIMLAWQKANATPLAYKNHVTMAFTPIKFMCGYTPQETKKRKINMNSPYERALLERLIKNSIIFTATRHLHAERIGHVLKLEQVKQIKQVIIHQAIRIYVDIIKNRICIGFHLTHQFEYTHTLQDMIERGRTIWPGMRVVHSNGFENYVWTVEHVADYGVTDRCPLLDTSIYQFFEEKGANYILRTFTKATRTVYVRTKQQRLTYAATMLKPECTFETMKPEDVLQVNRSIKLSSSERMQDTFRELNQLRAKYRHLTFAPQPFTISQNGFKLDQLSTPRIHFDRDFATVTAGVKDGKMYYGGNIKVSVIYDEDFREKHEITEEDIYQFVAILQKISIAQGVNLTISDATKSVLGKFTDQYFQHWDEEVQALQPIYAQTTVLAFISDSHVSNEHTRSFFILKQYFGGRFDIASQVITDKVIEAFMKLLEKHGLQNYRPEDEQELLKIIDVLKNQSFYYVIYNILLGIYVKSGITPWVLSETLHSDCHVGLDVSHEDGNSAGGMANVVGSQGTLIKQAPLAGIVAGEKIDDTLLADFLKQMIKAYEDKFQRFPKHVTIHRDGFWREDVSLVEKIMAKYEITYDIVEIIKRPNRQMAFYDSTDNVFSTKQGIVYRRGNEAYLCATNPQEKVGMAQPIRVEQVTETLPHSQIVEDIFNLSFLHVQAINTMRLPATIHYADLSSTAYSRGQVNARSGNETNLPF,0.7146739363670349
91,MQAYITEAVARERADQLEVYVYVFPKFLSDENFQGIYHTMLAWQRANNIPFAHDQNTVMSFSPIRHLCGYTPLEVEKRHIDMDSPYERAVLERLIKNSLIYTAQRNLQCQQVGKSLKLQQVQQIREVIIYEAVEIYVNIIKDRIVVGYHLTHQFEYDYTIQSMIHQGKEIRPGMRVVHSNGWQQYTYTLMHVATYGVTTRCPLLQTSVYQYYVEKGAQWILRVFTRSTKVILVRTKQEKNCYASTELKPLCTFQSMKPLDVQEVSRIVKLSASERNKLLFRTLQHLRAQFKELTYAPNPFTIAENGYKVDQLSTPKIFFNKDYATVSAGMKTGKVYKGGNVKVSVVYDDDLRDKRDITERDVYLFIAVLKKLAVAQGIIMTISSTTKSINGKFTDDFYKHYTEEIQALEPVFSETTVLAFITSTHISNKETRGYQSLKQYFGGDFDISSQIITSKIIEAFEKILQKHGLKDYYPHDEEEVEKVIDVLKNTSLWYVVLNILLGIYVKSGLQPWILAETLNSDCFIGIDISHENGTSSCGMMFVIGPQGALIKQAPISGDLAGEKIEDSLLANYLKDLIKAYHDQFQRFPKHITIHRDGKWREHVALVDYIMSHYHITFDIVEIIKKPNRRMAFYDDVDNSYSTEQGSVFQKGNTAFICAVDPEFKVGMAQPIKIEQVTKTQPFSHIIEDVYKLSYLHIHALNKTRLPATIRYADLSSTAYQRGEIMPRTGNRTNLPF,0.710597813129425
92,MKAYITELVARERANQIEVYVFIYPKMLSTNIYEGIYHIKKAWQRANAQALAYDESTIISFSPVRELCGYIPEEWQRRHIDIDSPYERALLERLIKNSIIYTATRNLQSKRVGKALKLDQTQQIREIIVFRAIELYVNIIQNKICIGFHLTHQFQFTYSILDLIERGQVVRPGMRVIHSNAFVNYSWSVENVATYGVNDRCSLLETSIYKYFVIKGANHILRTFTRSTRVVYVRTKQERLCYAAQLLKPLCTMETMKPTEVKNVNKAIKLSASKRMKNTYRYLQQIRAHFRYITFAPDPFTIAQNGYKIDKLAEPRIHFDKDFSTVLSGMRSGKLYKGGNVKISVVFNQEFYNRHNITEKDFFNFVAVLQRVAIAQGVNLTVSTSTKSLNGFFTDDFFHNFTEEVEALEPIFAQTTVAAIITSTHISNQRTRAYHRLKQIFGGKWDIASQIVTERTIEAFKKILFKHGLKNFRPNNEELCEKVIDILKNESLYYTVLNILLGIYVKSGIQPWILAETTNSDCFVGIDVSHEDGNSSAGFMNVIGSEGHLIHQAPVDGILSGEKINDTLLSNFLRQMIKAYHDEYQEFPKHITIHRDGFWREHTTQINKIMSKHMITYDIVEIIKKPNRRMAYYNSDNSTWATKQGSVLQRGNEAFLCTTDPQEKVGRAQPIRVKQITQTLPFSQIIEDVYHLSRLHIGSLNKMRLPATIHFADVSSTAYQRGQVKPRSGNKTHLPF,0.707880437374115
93,MEAYVTRIVAREKANEIEIYVYVFPKREAVELYQGVKLIERAWQRANSLPLADENDTIMAFTPIYHMCGYVPEETRKRHINIDSPKERALLERLIKNSLIYTAERHLKAERVGDALRLDQIQQIRRVIIYEAIEIKVNIIEDKIEVGFHLTHRFSFTYTLQSMVEQGRTIRPGMRVILANSYDNYTFTVENVATYGVTDKCPLLQTSVYQYYVEKGAQHILRTFTRSTRVVHVRSRKEKFSYASSLLRPLCTFETMYPHEVLHINKCIKLSASERSKKMYRHLQHVRAQYRHLDYAPNPFTIAQCGYRLDLLSVPKVHFHRDFSTVISGMKSGKLYKGGNIRISVIFDEEFKEKHEITEKDVYNFIAVLQRIATSQGINMTISTSYEAVDGEFTTNFYHHLTEKIQALHPTYAQTTVLAIITATHLNNYETRAYHRLKQFFGGKWDIASQIVTDKVILAFEKILKKHGLKNWYPKDEQENQKVIDVIKNQSFYYIILNILLGIYVKSGIQPWILAETLNSDCFIGIDVSHENGNSGGGMTNVIGTQGSMIKQSPLTGILAGEKINDSLLAEFLKNLIKAYHDQYNRFPKHVTVHRDGKWRYETSLLQKICAKYEITFDIVEIVKQPNRRMAFFNTVDSTYSTRQGTIFERGNEAYLCSTNPNQKVGMAQPIKIKQVTRTLPFDHVVQDVYDFSFLHVHSLNLMRMPATIHYADLSSTAYQRGQVLPRSGNLTNLPY,0.7133152484893799
94,MDAFISELVSREKANQIEVYLLVFPRKESNIVYQGVYQVRRACQRANDLPLAFDLNTIISMSPIKHWAGFTPQKWQRRLIDIDSPFERALLERLIENSVIYTAERHLHCQRVGKSLRLNQVEQIKQIIIYEAIEIHVEIVENRIAIGFFLTHQFEFTWTLQSMILQGEEIRPGMRVVHSDAWNDYTWTVENVADYGVTDRCPLLQTSVYQYYIQRGAEFILRTFTRSTRVVNVRTKKERLCYAATLLKPNCTMETMYPDDIEEVSKAIKLSSSKRMNSLFRKLDMLRAQYRHLTFAPDPFTISEMGYRLETLSVPKVHFDRDYATVVAGAKTGKLYRGGNIMISVIFDEDFKQKHKITDKDIYQYIAVLQRIAVAQGVNMTVGTVTRSIAGFFTVEFLQHFEEEIEALQPVYSHTTVVAIITATFLSDQKTRSFEKIKQYFGGKWDISSQHVTEKTILAFEKVLEKHGLKDFRPDDEEECLKVIDVLKNTSIFYVVLNILLGIYVKSGVQPWILAETLHSDCFIGIDTTHEDGNSAGGMTNVIGSQGHLINQAPVNGNLAGDKIDNTLLSDTLEDLIRAYFTQYNQLPKHITIHRDGFWREDLALVEKICSHFLITYDIVEIIKKPNHRAAFYNSVNDTWSTKQGTVYRKGNSAFVCATDPEEKVGMAQPIRIEVVTRTLPFGQVVKDIYDLSFLHIHALNKMRLPATIHYADLSATAYQRGQVNPRTGNKTNFPF,0.7024456858634949
95,MKAYITEMVSRQRANEIEIFLMVYPKKESTNNYEGIHEIMKAWQKADDIPLAFLQNTIMAYSPVREMCGYVPQEVQRRQVDVDSPYERALLERLIKNSLIFTAERHLHCRKVGEDLQLNQVQQIKRVIIYKAIELHVNIIHDRISIGFHLTHQLEYIYTLLDMILQGREIRPGMRVVHSNGWQFYTYTVDEVADYGVTDKCPLLETSIYQYWVDKGANWILRSFTRATRVVHVRTKENRHSYAAEMLKPLCTFETMKPEQVLEISKAIKLSASEKMKTTFRILQHLRAEYRQLTFAPNPFTISENGYRIDQLSQPRIFFDRDYATIVAGANTGKLYYGGNIKISVLYDDSFWERHNITEYDVFQFIAVLKRIAVKQGVNMTVSTTTQSIDGKYTSDFYLHWTEEVEALKPTFAQTTVLVIIPGTHFSDKKSRSFQELKEYFGGKWDIASQVITEKTIQAFKKILKKHGLEDFRPNNEEHNRKIIDTLKNESLYYTINNILLGIFVKSGIQPWILANSTNADCYIGIDTSHKTGNTAGGMCNVIGTQGHLIHQAPLNGDLAGEKIDNILLSDLLEQLIKAYQDQFNRLPKHITIHRDGFWKEHTALILKIMAKHQITYDLVEIIKKPNRRMAFYNTTTDTFSTKQGTIFQRGDSAYLCSTNPREKTGMAQPIRIKQVTKTLPFDHIIQDVYKLSFLHVHSTNKQRLPATVHFADLSATAYQRGQVMPRSGFETNLPF,0.7133152484893799
96,MEAYVTELVSRERFNDIEVYEYVFPKKLSDNDQHGVYQIMRAWQRANSLPLAFDDETVMAFSPVRHLCGYTPLQIKKRHIDITSPFERSLLERLIENSLIYTATRHLHSQRVGEELRLNKTHQIRRIIIYEAIEIYINIIENQISVGFHLTHKFEYDHTLLDMIENGEQIRPGMRVVHSAGWNEYTWTVEHVADYGVTDRCGLLQTSVYQYFVEKGAEWILRTFTRATRVVFVRTKEQRHCYAATMLKPLCTYETMEPDEIEEVNKCIKLSASKRMETLFRWLQHLRAQFRYLTFAPEPYTIAQLGFKLQQFSMPKVFFERDFATIVAGLKTGKLYKGGNIEISFLFDQTFFQKHKISEKDIFTYVAVLQEIAISQGVNMTVSTSTKSVDGHITNDFYHHFTQDIEALEPIFAHTTVLAFITSVHLTDQEDRSFQTLKQYFGGKWDIASQVVTDKVITAFKKILHKHGLKNYRPLDEKECMRVINTLKNDSFYFVVMNILLGILVKSGIQPWILADSLHSDCFIGVDISHENGDTGAGMMNVIGSQGNLLNQAPVNGILSGEKIDDDLASEFLKNIIKAYHTKFKRYPRHVTIHRDGFWKEQEAKIEKIMAKYEVTYDIVEIVKKPNRRMAFFNSTNNTWSTRQGSVFQKGNESFLCSTDPLEEVGMAQPVKIHVVTETLPFSHIIQDIYTMSHLHIHAMNTMRLPATVHYADLSSTAYQKGEVKPRSGHKTCLPF,0.710597813129425
97,MKAYITETTAKERANELQVYIYVFPQKEADLNYQGVKEVMKAWQRANNIPLAFNQDTIMAFSPIRQLCGYTPLQIRKRHINITSPFERALLERLIKNSLIYDAERHLQAERIGESLRLNKVQQIKYVIIYESVKIWINIIKDKICIGFNLTHNFEYVYTIQDMIQQGLQIRPGMRVVHGNGRINYEYTLEHVASYGVTDRCPLLQQSIFQFYVEKGAQHVLRTLTRATRVVITRTKEERHSYASTLLKPLATMDTMYPEEVEEVSKIIKLSSSERMETLYRQLQQLKAQFRYLTFAPEPFVIAENGYKFHQLSTPKVFYDRDFSTVVSGMKTGKLYKGGNIRISVVFDEDFYQKHQITDKDVWQFISILQKIAISQGVTLTVSTTTESYNGFFSDDFYKHWTEHIEALQPIFAHTTLLLVITSTFVTDEKTRSFQTLKQYFGGKWDIASQVITARTFESFKKILKKHGLKDFWPEDDMECKKIIQVLKNDSFFYTIMNILLGIYVKSGIIPWILAESTHSDCFIGIDVSHNNGVSSVGMSNVIGRRGEHIHQSPLTGVLSGEKIDDTLLSNTLKNMIKAYHDELQRYPKHITIHRDGFWREKTSLIDKIMAKYKVTYDIVEITKKPNRRMAFYNTVTNTWSTKQGTVFKRGNEAYLLATNPLKKVGMAVPIKIEVVTRTHPLSEIIEDVYNLSFLNIHAMNKMRLPATVHYADLSATAYQRGQIQPRTGNKTNLPF,0.707880437374115
98,MQSYITEVVARERANEIEVYIYVFPRKEAVNMYEGVFEVMKALQRANDVPLGYKDHTILAFTPIKELCGFTPMECRKRHINIDSPYEKALLERCVKNSLIYTAERFMHAERIGHALRLDQTLQIERILIYEAIQLYVNIIQDRICIGFNLQHNFEYDYTLQDYINEGLTVWPGMKVVHSNGRTYYTWTVENVATYGVTDRCPELQTSIYQYFVQKGAEHYLRTFTRATKVVLVRSKEQKLSYAASQLKPLCTYDTMEPQQVQEVSKAIKLSASQRMNHLFRKLQHLRAQYRELTFAPEPFTYSQNGYKYDEFSTPKVHFHRDYATVVSGMKTGKLYKGGNIKISILDDEDFFQYFQITKKDVYSFVAILQRIAEAQGVNMSISDSQKSLFGKFTTDFFHKYTEQINALHPIYAQTTVILIIGDTHKTNEQTKSYQKIKQWYGGKWDISSQIVTEKTIEAFKKILEKHGLKDYRPNDQHEVKKVIDVIKDQSFYYTVMNILLGIYVKSGIQPWILADSTHSDCFIGIDVAHENGNVASGMMHVIGSQGHLIKESPLNGDIAGEEINDVLLSDLLKNLVKAYHVKFNRYPKHITIFRDGFYREQSALVEKIMAKYQIDYDMVEIIKKDNRKMAMFDNTDNTFSNRQGTVYQRGNEAFLCATDPEERVGMAQPIRVHVVTKTLPFSEIVQDVYCLSFLNIHAMNKMRLPATIEYADDSATAYQRGQVKPRTGNRTNLPY,0.710597813129425
99,MESYITEMVSREEFDELEVYLYVFPKRLSDLEYKGVYLVMRAWQRANALPLAHKDDVIVAFSPIRHLCGFTPQQVRQRHIDIDSPYERSLLERLIKNSLVFTATKNLNCRRVGHSLMLNRVQEIRQVIVHEAIRLQVDIIENRISIGFDPTHQFEYVYTLQSMIEQGQDIRPGMRVVHADGQQKYTFSLDNVATYGVTERHPLLQQSLYQYYVQKGAQHILRSFTRSTRVVTVRTKEEKLTYAATLLKPLCTFESMEPTDVLNVSKCIKLSSSKRMEALFRFLTLLKAEFKFITFAPNPFTIAQNGYRLNQLSTPKVFFDKDFATIIAGLKSGKLYKGGDIEISLFFDLNFYTKHLISMRDIHCFIAVLQRIAEAMGVNLSIASATKSVAGHITDNFYYHGNELVLALEPVFAETTVMAFITSDHITDEKDRSYRTLKQYFGGKWDIASQIVTDKTIQAFKKVKEKHGLKDFYPEDKQECEKVIEVLKNDSFYYTVYNILLGIFVKSGIQPWILAESANSDCFIGIDVSHEDGNSASGMSNVIGSQGTLIKQAPLAGILAGEKINSSLLANLLEEIIKAYEDEFDQYPKHVIIHRDGFWRENVSLVEKIMSKYMITYDLVEIIKKPNRRMAFYDSVTDTWSSKQGSVWRRGNEAFLCATNPEEEVGMAQPIKIEQVTKTLPFSHIIEDVYKLSYLHIASLNSMRLPATTHYADLSSTAYKRGMIMPRTGNRTNLPW,0.7010869979858398
